date,region,resident,nonresident,total
2020-03-03,Anchorage,3,0,3
2020-03-04,Anchorage,1,0,1
2020-03-05,Anchorage,0,0,0
2020-03-06,Anchorage,0,0,0
2020-03-07,Anchorage,1,0,1
2020-03-08,Anchorage,0,0,0
2020-03-10,Anchorage,4,0,4
2020-03-11,Anchorage,1,1,2
2020-03-12,Anchorage,3,0,3
2020-03-13,Anchorage,0,0,0
2020-03-14,Anchorage,4,1,5
2020-03-15,Anchorage,5,0,5
2020-03-16,Anchorage,2,0,2
2020-03-17,Anchorage,8,0,8
2020-03-18,Anchorage,7,0,7
2020-03-19,Anchorage,6,0,6
2020-03-20,Anchorage,7,0,7
2020-03-21,Anchorage,4,0,4
2020-03-22,Anchorage,8,0,8
2020-03-23,Anchorage,10,0,10
2020-03-24,Anchorage,5,0,5
2020-03-25,Anchorage,4,0,4
2020-03-26,Anchorage,6,0,6
2020-03-27,Anchorage,7,0,7
2020-03-28,Anchorage,2,0,2
2020-03-29,Anchorage,5,0,5
2020-03-30,Anchorage,8,0,8
2020-03-31,Anchorage,4,0,4
2020-04-01,Anchorage,4,0,4
2020-04-02,Anchorage,6,0,6
2020-04-03,Anchorage,3,1,4
2020-04-04,Anchorage,6,0,6
2020-04-05,Anchorage,3,0,3
2020-04-06,Anchorage,2,0,2
2020-04-07,Anchorage,6,0,6
2020-04-08,Anchorage,3,1,4
2020-04-09,Anchorage,3,0,3
2020-04-10,Anchorage,2,0,2
2020-04-11,Anchorage,1,0,1
2020-04-12,Anchorage,2,0,2
2020-04-13,Anchorage,2,0,2
2020-04-14,Anchorage,5,0,5
2020-04-15,Anchorage,3,0,3
2020-04-16,Anchorage,2,0,2
2020-04-17,Anchorage,3,0,3
2020-04-18,Anchorage,4,0,4
2020-04-19,Anchorage,4,0,4
2020-04-20,Anchorage,1,0,1
2020-04-21,Anchorage,0,0,0
2020-04-23,Anchorage,2,0,2
2020-04-24,Anchorage,1,0,1
2020-04-25,Anchorage,1,0,1
2020-04-26,Anchorage,2,0,2
2020-04-27,Anchorage,1,0,1
2020-04-28,Anchorage,1,0,1
2020-04-29,Anchorage,0,0,0
2020-04-30,Anchorage,2,0,2
2020-05-01,Anchorage,2,0,2
2020-05-02,Anchorage,1,0,1
2020-05-03,Anchorage,0,0,0
2020-05-04,Anchorage,0,0,0
2020-05-06,Anchorage,1,0,1
2020-05-07,Anchorage,1,2,3
2020-05-09,Anchorage,0,0,0
2020-05-10,Anchorage,2,0,2
2020-05-11,Anchorage,1,1,2
2020-05-12,Anchorage,1,0,1
2020-05-13,Anchorage,3,0,3
2020-05-14,Anchorage,2,1,3
2020-05-15,Anchorage,1,0,1
2020-05-16,Anchorage,2,0,2
2020-05-17,Anchorage,0,0,0
2020-05-18,Anchorage,0,0,0
2020-05-19,Anchorage,0,0,0
2020-05-20,Anchorage,0,0,0
2020-05-21,Anchorage,0,2,2
2020-05-22,Anchorage,1,0,1
2020-05-23,Anchorage,0,0,0
2020-05-24,Anchorage,3,0,3
2020-05-25,Anchorage,1,0,1
2020-05-26,Anchorage,4,0,4
2020-05-27,Anchorage,6,1,7
2020-05-28,Anchorage,3,0,3
2020-05-29,Anchorage,14,2,16
2020-05-30,Anchorage,8,0,8
2020-05-31,Anchorage,9,0,9
2020-06-01,Anchorage,15,1,16
2020-06-02,Anchorage,4,1,5
2020-06-03,Anchorage,5,3,8
2020-06-04,Anchorage,8,4,12
2020-06-05,Anchorage,12,0,12
2020-06-06,Anchorage,2,1,3
2020-06-07,Anchorage,5,1,6
2020-06-08,Anchorage,5,1,6
2020-06-09,Anchorage,10,3,13
2020-06-10,Anchorage,6,1,7
2020-06-11,Anchorage,3,1,4
2020-06-12,Anchorage,6,2,8
2020-06-13,Anchorage,5,0,5
2020-06-14,Anchorage,4,0,4
2020-06-15,Anchorage,6,4,10
2020-06-16,Anchorage,6,1,7
2020-06-17,Anchorage,7,3,10
2020-06-18,Anchorage,6,1,7
2020-06-19,Anchorage,8,0,8
2020-06-20,Anchorage,5,1,6
2020-06-21,Anchorage,6,2,8
2020-06-22,Anchorage,18,2,20
2020-06-23,Anchorage,16,2,18
2020-06-24,Anchorage,12,1,13
2020-06-25,Anchorage,17,1,18
2020-06-26,Anchorage,16,4,20
2020-06-27,Anchorage,23,1,24
2020-06-28,Anchorage,18,1,19
2020-06-29,Anchorage,17,4,21
2020-06-30,Anchorage,16,0,16
2020-07-01,Anchorage,28,2,30
2020-07-02,Anchorage,35,1,36
2020-07-03,Anchorage,28,4,32
2020-07-04,Anchorage,24,1,25
2020-07-05,Anchorage,26,4,30
2020-07-06,Anchorage,31,4,35
2020-07-07,Anchorage,24,2,26
2020-07-08,Anchorage,45,4,49
2020-07-09,Anchorage,32,10,42
2020-07-10,Anchorage,31,5,36
2020-07-11,Anchorage,22,1,23
2020-07-12,Anchorage,32,1,33
2020-07-13,Anchorage,31,8,39
2020-07-14,Anchorage,40,3,43
2020-07-15,Anchorage,33,1,34
2020-07-16,Anchorage,51,3,54
2020-07-17,Anchorage,49,3,52
2020-07-18,Anchorage,32,2,34
2020-07-19,Anchorage,44,0,44
2020-07-20,Anchorage,68,0,68
2020-07-21,Anchorage,58,5,63
2020-07-22,Anchorage,58,6,64
2020-07-23,Anchorage,53,1,54
2020-07-24,Anchorage,50,7,57
2020-07-25,Anchorage,145,0,145
2020-07-26,Anchorage,48,3,51
2020-07-27,Anchorage,72,3,75
2020-07-28,Anchorage,69,5,74
2020-07-29,Anchorage,59,1,60
2020-07-30,Anchorage,46,1,47
2020-07-31,Anchorage,50,0,50
2020-08-01,Anchorage,34,1,35
2020-08-02,Anchorage,30,2,32
2020-08-03,Anchorage,48,1,49
2020-08-04,Anchorage,43,0,43
2020-08-05,Anchorage,43,1,44
2020-08-06,Anchorage,35,0,35
2020-08-07,Anchorage,37,1,38
2020-08-08,Anchorage,39,1,40
2020-08-09,Anchorage,28,0,28
2020-08-10,Anchorage,44,1,45
2020-08-11,Anchorage,57,0,57
2020-08-12,Anchorage,34,1,35
2020-08-13,Anchorage,47,0,47
2020-08-14,Anchorage,73,0,73
2020-08-15,Anchorage,20,0,20
2020-08-16,Anchorage,24,0,24
2020-08-17,Anchorage,35,0,35
2020-08-18,Anchorage,38,1,39
2020-08-19,Anchorage,54,0,54
2020-08-20,Anchorage,47,3,50
2020-08-21,Anchorage,43,0,43
2020-08-22,Anchorage,21,0,21
2020-08-23,Anchorage,33,2,35
2020-08-24,Anchorage,28,0,28
2020-08-25,Anchorage,34,2,36
2020-08-26,Anchorage,60,1,61
2020-08-27,Anchorage,46,2,48
2020-08-28,Anchorage,46,1,47
2020-08-29,Anchorage,14,0,14
2020-08-30,Anchorage,16,0,16
2020-08-31,Anchorage,37,1,38
2020-09-01,Anchorage,70,2,72
2020-09-02,Anchorage,53,0,53
2020-09-03,Anchorage,44,0,44
2020-09-04,Anchorage,30,1,31
2020-09-05,Anchorage,20,0,20
2020-09-06,Anchorage,16,0,16
2020-09-07,Anchorage,35,0,35
2020-09-08,Anchorage,42,3,45
2020-09-09,Anchorage,59,0,59
2020-09-10,Anchorage,62,2,64
2020-09-11,Anchorage,34,0,34
2020-09-12,Anchorage,34,0,34
2020-09-13,Anchorage,15,1,16
2020-09-14,Anchorage,51,0,51
2020-09-15,Anchorage,39,0,39
2020-09-16,Anchorage,62,0,62
2020-09-17,Anchorage,59,3,62
2020-09-18,Anchorage,56,1,57
2020-09-19,Anchorage,35,1,36
2020-09-20,Anchorage,43,0,43
2020-09-21,Anchorage,88,3,91
2020-09-22,Anchorage,65,5,70
2020-09-23,Anchorage,75,3,78
2020-09-24,Anchorage,61,1,62
2020-09-25,Anchorage,115,5,120
2020-09-26,Anchorage,51,3,54
2020-09-27,Anchorage,48,2,50
2020-09-28,Anchorage,108,1,109
2020-09-29,Anchorage,108,2,110
2020-09-30,Anchorage,94,0,94
2020-10-01,Anchorage,98,1,99
2020-10-02,Anchorage,93,2,95
2020-10-03,Anchorage,47,0,47
2020-10-04,Anchorage,48,2,50
2020-10-05,Anchorage,121,3,124
2020-10-06,Anchorage,137,1,138
2020-10-07,Anchorage,118,7,125
2020-10-08,Anchorage,112,4,116
2020-10-09,Anchorage,116,0,116
2020-10-10,Anchorage,80,2,82
2020-10-11,Anchorage,54,3,57
2020-10-12,Anchorage,137,1,138
2020-10-13,Anchorage,103,1,104
2020-10-14,Anchorage,175,1,176
2020-10-15,Anchorage,131,4,135
2020-10-16,Anchorage,176,1,177
2020-10-17,Anchorage,101,0,101
2020-10-18,Anchorage,66,0,66
2020-10-19,Anchorage,188,0,188
2020-10-20,Anchorage,157,0,157
2020-10-21,Anchorage,157,1,158
2020-10-22,Anchorage,170,1,171
2020-10-23,Anchorage,195,2,197
2020-10-24,Anchorage,133,4,137
2020-10-25,Anchorage,120,1,121
2020-10-26,Anchorage,270,2,272
2020-10-27,Anchorage,222,1,223
2020-10-28,Anchorage,312,3,315
2020-10-29,Anchorage,235,1,236
2020-10-30,Anchorage,270,3,273
2020-10-31,Anchorage,161,1,162
2020-11-01,Anchorage,120,2,122
2020-11-02,Anchorage,375,1,376
2020-11-03,Anchorage,295,4,299
2020-11-04,Anchorage,325,3,328
2020-11-05,Anchorage,308,2,310
2020-11-06,Anchorage,419,2,421
2020-11-07,Anchorage,393,2,395
2020-11-08,Anchorage,164,2,166
2020-11-09,Anchorage,612,6,618
2020-11-10,Anchorage,278,0,278
2020-11-11,Anchorage,303,2,305
2020-11-12,Anchorage,363,4,367
2020-11-13,Anchorage,372,1,373
2020-11-14,Anchorage,226,3,229
2020-11-15,Anchorage,179,1,180
2020-11-16,Anchorage,844,3,847
2020-11-17,Anchorage,383,1,384
2020-11-18,Anchorage,352,5,357
2020-11-19,Anchorage,242,0,242
2020-11-20,Anchorage,218,2,220
2020-11-21,Anchorage,189,2,191
2020-11-22,Anchorage,173,9,182
2020-11-23,Anchorage,363,4,367
2020-11-24,Anchorage,267,5,272
2020-11-25,Anchorage,252,5,257
2020-11-26,Anchorage,62,1,63
2020-11-27,Anchorage,195,0,195
2020-11-28,Anchorage,192,1,193
2020-11-29,Anchorage,164,1,165
2020-11-30,Anchorage,283,0,283
2020-12-01,Anchorage,257,3,260
2020-12-02,Anchorage,266,1,267
2020-12-03,Anchorage,177,1,178
2020-12-04,Anchorage,283,2,285
2020-12-05,Anchorage,165,0,165
2020-12-06,Anchorage,95,0,95
2020-12-07,Anchorage,249,0,249
2020-12-08,Anchorage,221,3,224
2020-12-09,Anchorage,224,3,227
2020-12-10,Anchorage,185,0,185
2020-12-11,Anchorage,289,1,290
2020-12-12,Anchorage,123,10,133
2020-12-13,Anchorage,83,0,83
2020-12-14,Anchorage,222,0,222
2020-12-15,Anchorage,139,1,140
2020-12-16,Anchorage,154,2,156
2020-12-17,Anchorage,136,3,139
2020-12-18,Anchorage,177,0,177
2020-12-19,Anchorage,108,0,108
2020-12-20,Anchorage,51,4,55
2020-12-21,Anchorage,107,7,114
2020-12-22,Anchorage,141,4,145
2020-12-23,Anchorage,116,4,120
2020-12-24,Anchorage,41,0,41
2020-12-25,Anchorage,25,0,25
2020-12-26,Anchorage,106,4,110
2020-12-27,Anchorage,83,0,83
2020-12-28,Anchorage,210,5,215
2020-12-29,Anchorage,108,4,112
2020-12-30,Anchorage,164,0,164
2020-12-31,Anchorage,96,1,97
2021-01-01,Anchorage,62,0,62
2021-01-02,Anchorage,101,2,103
2021-01-03,Anchorage,72,1,73
2021-01-04,Anchorage,159,4,163
2021-01-05,Anchorage,136,2,138
2021-01-06,Anchorage,103,0,103
2021-01-07,Anchorage,116,3,119
2021-01-08,Anchorage,89,2,91
2021-01-09,Anchorage,63,1,64
2021-01-10,Anchorage,60,2,62
2021-01-11,Anchorage,100,2,102
2021-01-12,Anchorage,82,0,82
2021-01-13,Anchorage,86,4,90
2021-01-14,Anchorage,65,3,68
2021-01-15,Anchorage,62,3,65
2021-01-16,Anchorage,47,0,47
2021-01-17,Anchorage,37,0,37
2021-01-18,Anchorage,60,2,62
2021-01-19,Anchorage,64,2,66
2021-01-20,Anchorage,66,1,67
2021-01-21,Anchorage,53,0,53
2021-01-22,Anchorage,72,0,72
2021-01-23,Anchorage,42,2,44
2021-01-24,Anchorage,30,0,30
2021-01-25,Anchorage,63,5,68
2021-01-26,Anchorage,58,1,59
2021-01-27,Anchorage,53,1,54
2021-01-28,Anchorage,33,14,47
2021-01-29,Anchorage,55,4,59
2021-01-30,Anchorage,40,2,42
2021-01-31,Anchorage,23,3,26
2021-02-01,Anchorage,48,4,52
2021-02-02,Anchorage,53,1,54
2021-02-03,Anchorage,43,1,44
2021-02-04,Anchorage,34,2,36
2021-02-05,Anchorage,40,3,43
2021-02-06,Anchorage,24,0,24
2021-02-07,Anchorage,34,1,35
2021-02-08,Anchorage,61,1,62
2021-02-09,Anchorage,62,0,62
2021-02-10,Anchorage,50,0,50
2021-02-11,Anchorage,30,0,30
2021-02-12,Anchorage,59,0,59
2021-02-13,Anchorage,20,1,21
2021-02-14,Anchorage,17,0,17
2021-02-15,Anchorage,37,0,37
2021-02-16,Anchorage,42,1,43
2021-02-17,Anchorage,50,0,50
2021-02-18,Anchorage,32,0,32
2021-02-19,Anchorage,36,2,38
2021-02-20,Anchorage,22,2,24
2021-02-21,Anchorage,12,0,12
2021-02-22,Anchorage,60,0,60
2021-02-23,Anchorage,25,1,26
2021-02-24,Anchorage,1,0,1
2020-03-03,Gulf Coast,0,0,0
2020-03-04,Gulf Coast,0,0,0
2020-03-05,Gulf Coast,0,0,0
2020-03-06,Gulf Coast,0,0,0
2020-03-07,Gulf Coast,0,0,0
2020-03-08,Gulf Coast,0,0,0
2020-03-10,Gulf Coast,1,0,1
2020-03-11,Gulf Coast,0,0,0
2020-03-12,Gulf Coast,0,0,0
2020-03-13,Gulf Coast,1,0,1
2020-03-14,Gulf Coast,0,0,0
2020-03-15,Gulf Coast,2,0,2
2020-03-16,Gulf Coast,0,0,0
2020-03-17,Gulf Coast,0,0,0
2020-03-18,Gulf Coast,1,0,1
2020-03-19,Gulf Coast,2,0,2
2020-03-20,Gulf Coast,1,0,1
2020-03-21,Gulf Coast,2,0,2
2020-03-22,Gulf Coast,0,0,0
2020-03-23,Gulf Coast,0,0,0
2020-03-24,Gulf Coast,0,0,0
2020-03-25,Gulf Coast,1,0,1
2020-03-26,Gulf Coast,0,0,0
2020-03-27,Gulf Coast,2,0,2
2020-03-28,Gulf Coast,0,0,0
2020-03-29,Gulf Coast,0,0,0
2020-03-30,Gulf Coast,2,0,2
2020-03-31,Gulf Coast,0,0,0
2020-04-01,Gulf Coast,0,0,0
2020-04-02,Gulf Coast,0,0,0
2020-04-03,Gulf Coast,0,0,0
2020-04-04,Gulf Coast,1,0,1
2020-04-05,Gulf Coast,0,0,0
2020-04-06,Gulf Coast,0,0,0
2020-04-07,Gulf Coast,0,0,0
2020-04-08,Gulf Coast,0,0,0
2020-04-09,Gulf Coast,0,0,0
2020-04-10,Gulf Coast,0,0,0
2020-04-11,Gulf Coast,1,0,1
2020-04-12,Gulf Coast,1,0,1
2020-04-13,Gulf Coast,1,0,1
2020-04-14,Gulf Coast,1,0,1
2020-04-15,Gulf Coast,0,0,0
2020-04-16,Gulf Coast,0,0,0
2020-04-17,Gulf Coast,0,0,0
2020-04-18,Gulf Coast,0,0,0
2020-04-19,Gulf Coast,0,0,0
2020-04-20,Gulf Coast,0,0,0
2020-04-21,Gulf Coast,1,0,1
2020-04-23,Gulf Coast,0,0,0
2020-04-24,Gulf Coast,0,0,0
2020-04-25,Gulf Coast,0,0,0
2020-04-26,Gulf Coast,0,0,0
2020-04-27,Gulf Coast,0,0,0
2020-04-28,Gulf Coast,1,0,1
2020-04-29,Gulf Coast,1,0,1
2020-04-30,Gulf Coast,0,0,0
2020-05-01,Gulf Coast,0,1,1
2020-05-02,Gulf Coast,0,0,0
2020-05-03,Gulf Coast,1,0,1
2020-05-04,Gulf Coast,1,0,1
2020-05-06,Gulf Coast,0,0,0
2020-05-07,Gulf Coast,0,0,0
2020-05-09,Gulf Coast,1,0,1
2020-05-10,Gulf Coast,0,0,0
2020-05-11,Gulf Coast,1,0,1
2020-05-12,Gulf Coast,0,0,0
2020-05-13,Gulf Coast,0,0,0
2020-05-14,Gulf Coast,1,0,1
2020-05-15,Gulf Coast,0,0,0
2020-05-16,Gulf Coast,1,0,1
2020-05-17,Gulf Coast,0,0,0
2020-05-18,Gulf Coast,1,0,1
2020-05-19,Gulf Coast,1,0,1
2020-05-20,Gulf Coast,1,1,2
2020-05-21,Gulf Coast,1,0,1
2020-05-22,Gulf Coast,1,2,3
2020-05-23,Gulf Coast,3,0,3
2020-05-24,Gulf Coast,2,0,2
2020-05-25,Gulf Coast,4,0,4
2020-05-26,Gulf Coast,2,1,3
2020-05-27,Gulf Coast,6,1,7
2020-05-28,Gulf Coast,5,1,6
2020-05-29,Gulf Coast,4,0,4
2020-05-30,Gulf Coast,3,0,3
2020-05-31,Gulf Coast,6,0,6
2020-06-01,Gulf Coast,6,9,15
2020-06-02,Gulf Coast,3,3,6
2020-06-03,Gulf Coast,4,2,6
2020-06-04,Gulf Coast,6,0,6
2020-06-05,Gulf Coast,9,0,9
2020-06-06,Gulf Coast,7,0,7
2020-06-07,Gulf Coast,2,0,2
2020-06-08,Gulf Coast,3,0,3
2020-06-09,Gulf Coast,2,2,4
2020-06-10,Gulf Coast,6,0,6
2020-06-11,Gulf Coast,1,0,1
2020-06-12,Gulf Coast,2,0,2
2020-06-13,Gulf Coast,1,0,1
2020-06-14,Gulf Coast,0,0,0
2020-06-15,Gulf Coast,1,0,1
2020-06-16,Gulf Coast,1,0,1
2020-06-17,Gulf Coast,1,2,3
2020-06-18,Gulf Coast,2,1,3
2020-06-19,Gulf Coast,2,1,3
2020-06-20,Gulf Coast,0,0,0
2020-06-21,Gulf Coast,1,0,1
2020-06-22,Gulf Coast,6,2,8
2020-06-23,Gulf Coast,3,0,3
2020-06-24,Gulf Coast,5,2,7
2020-06-25,Gulf Coast,4,1,5
2020-06-26,Gulf Coast,9,3,12
2020-06-27,Gulf Coast,7,3,10
2020-06-28,Gulf Coast,3,3,6
2020-06-29,Gulf Coast,6,1,7
2020-06-30,Gulf Coast,2,1,3
2020-07-01,Gulf Coast,2,4,6
2020-07-02,Gulf Coast,2,4,6
2020-07-03,Gulf Coast,3,0,3
2020-07-04,Gulf Coast,4,0,4
2020-07-05,Gulf Coast,4,2,6
2020-07-06,Gulf Coast,8,1,9
2020-07-07,Gulf Coast,10,12,22
2020-07-08,Gulf Coast,10,1,11
2020-07-09,Gulf Coast,5,1,6
2020-07-10,Gulf Coast,11,2,13
2020-07-11,Gulf Coast,5,1,6
2020-07-12,Gulf Coast,2,3,5
2020-07-13,Gulf Coast,9,1,10
2020-07-14,Gulf Coast,10,1,11
2020-07-15,Gulf Coast,9,2,11
2020-07-16,Gulf Coast,4,1,5
2020-07-17,Gulf Coast,15,0,15
2020-07-18,Gulf Coast,2,1,3
2020-07-19,Gulf Coast,7,1,8
2020-07-20,Gulf Coast,14,82,96
2020-07-21,Gulf Coast,14,2,16
2020-07-22,Gulf Coast,3,2,5
2020-07-23,Gulf Coast,7,35,42
2020-07-24,Gulf Coast,4,1,5
2020-07-25,Gulf Coast,0,2,2
2020-07-26,Gulf Coast,5,9,14
2020-07-27,Gulf Coast,9,4,13
2020-07-28,Gulf Coast,3,2,5
2020-07-29,Gulf Coast,6,7,13
2020-07-30,Gulf Coast,3,4,7
2020-07-31,Gulf Coast,3,1,4
2020-08-01,Gulf Coast,5,11,16
2020-08-02,Gulf Coast,1,8,9
2020-08-03,Gulf Coast,7,12,19
2020-08-04,Gulf Coast,6,3,9
2020-08-05,Gulf Coast,12,1,13
2020-08-06,Gulf Coast,3,0,3
2020-08-07,Gulf Coast,5,0,5
2020-08-08,Gulf Coast,6,1,7
2020-08-09,Gulf Coast,1,0,1
2020-08-10,Gulf Coast,10,0,10
2020-08-11,Gulf Coast,7,0,7
2020-08-12,Gulf Coast,9,1,10
2020-08-13,Gulf Coast,2,0,2
2020-08-14,Gulf Coast,8,0,8
2020-08-15,Gulf Coast,10,0,10
2020-08-16,Gulf Coast,1,0,1
2020-08-17,Gulf Coast,6,0,6
2020-08-18,Gulf Coast,5,0,5
2020-08-19,Gulf Coast,6,0,6
2020-08-20,Gulf Coast,5,0,5
2020-08-21,Gulf Coast,9,0,9
2020-08-22,Gulf Coast,1,0,1
2020-08-23,Gulf Coast,0,0,0
2020-08-24,Gulf Coast,6,0,6
2020-08-25,Gulf Coast,3,0,3
2020-08-26,Gulf Coast,4,0,4
2020-08-27,Gulf Coast,3,0,3
2020-08-28,Gulf Coast,2,0,2
2020-08-29,Gulf Coast,1,0,1
2020-08-30,Gulf Coast,1,0,1
2020-08-31,Gulf Coast,5,1,6
2020-09-01,Gulf Coast,4,0,4
2020-09-02,Gulf Coast,2,1,3
2020-09-03,Gulf Coast,0,0,0
2020-09-04,Gulf Coast,4,0,4
2020-09-05,Gulf Coast,0,0,0
2020-09-06,Gulf Coast,2,0,2
2020-09-07,Gulf Coast,0,0,0
2020-09-08,Gulf Coast,0,0,0
2020-09-09,Gulf Coast,0,0,0
2020-09-10,Gulf Coast,1,0,1
2020-09-11,Gulf Coast,1,0,1
2020-09-12,Gulf Coast,1,0,1
2020-09-13,Gulf Coast,3,0,3
2020-09-14,Gulf Coast,0,0,0
2020-09-15,Gulf Coast,3,0,3
2020-09-16,Gulf Coast,1,0,1
2020-09-17,Gulf Coast,2,0,2
2020-09-18,Gulf Coast,3,0,3
2020-09-19,Gulf Coast,1,0,1
2020-09-20,Gulf Coast,1,0,1
2020-09-21,Gulf Coast,2,0,2
2020-09-22,Gulf Coast,6,0,6
2020-09-23,Gulf Coast,3,0,3
2020-09-24,Gulf Coast,2,1,3
2020-09-25,Gulf Coast,4,0,4
2020-09-26,Gulf Coast,2,0,2
2020-09-27,Gulf Coast,0,0,0
2020-09-28,Gulf Coast,10,0,10
2020-09-29,Gulf Coast,8,0,8
2020-09-30,Gulf Coast,9,1,10
2020-10-01,Gulf Coast,8,0,8
2020-10-02,Gulf Coast,9,0,9
2020-10-03,Gulf Coast,5,0,5
2020-10-04,Gulf Coast,4,0,4
2020-10-05,Gulf Coast,15,0,15
2020-10-06,Gulf Coast,12,1,13
2020-10-07,Gulf Coast,9,0,9
2020-10-08,Gulf Coast,11,0,11
2020-10-09,Gulf Coast,12,1,13
2020-10-10,Gulf Coast,5,0,5
2020-10-11,Gulf Coast,6,0,6
2020-10-12,Gulf Coast,23,0,23
2020-10-13,Gulf Coast,17,0,17
2020-10-14,Gulf Coast,14,0,14
2020-10-15,Gulf Coast,26,1,27
2020-10-16,Gulf Coast,19,0,19
2020-10-17,Gulf Coast,12,0,12
2020-10-18,Gulf Coast,7,0,7
2020-10-19,Gulf Coast,50,0,50
2020-10-20,Gulf Coast,28,0,28
2020-10-21,Gulf Coast,33,0,33
2020-10-22,Gulf Coast,39,0,39
2020-10-23,Gulf Coast,37,0,37
2020-10-24,Gulf Coast,16,0,16
2020-10-25,Gulf Coast,11,0,11
2020-10-26,Gulf Coast,57,0,57
2020-10-27,Gulf Coast,48,0,48
2020-10-28,Gulf Coast,40,2,42
2020-10-29,Gulf Coast,57,0,57
2020-10-30,Gulf Coast,47,0,47
2020-10-31,Gulf Coast,12,0,12
2020-11-01,Gulf Coast,12,0,12
2020-11-02,Gulf Coast,61,0,61
2020-11-03,Gulf Coast,39,0,39
2020-11-04,Gulf Coast,54,0,54
2020-11-05,Gulf Coast,44,0,44
2020-11-06,Gulf Coast,70,0,70
2020-11-07,Gulf Coast,26,0,26
2020-11-08,Gulf Coast,18,1,19
2020-11-09,Gulf Coast,91,1,92
2020-11-10,Gulf Coast,85,2,87
2020-11-11,Gulf Coast,68,0,68
2020-11-12,Gulf Coast,93,2,95
2020-11-13,Gulf Coast,69,1,70
2020-11-14,Gulf Coast,32,0,32
2020-11-15,Gulf Coast,35,0,35
2020-11-16,Gulf Coast,132,1,133
2020-11-17,Gulf Coast,103,0,103
2020-11-18,Gulf Coast,102,0,102
2020-11-19,Gulf Coast,110,1,111
2020-11-20,Gulf Coast,110,0,110
2020-11-21,Gulf Coast,42,0,42
2020-11-22,Gulf Coast,24,0,24
2020-11-23,Gulf Coast,126,0,126
2020-11-24,Gulf Coast,104,1,105
2020-11-25,Gulf Coast,78,1,79
2020-11-26,Gulf Coast,11,0,11
2020-11-27,Gulf Coast,44,0,44
2020-11-28,Gulf Coast,47,1,48
2020-11-29,Gulf Coast,27,0,27
2020-11-30,Gulf Coast,137,1,138
2020-12-01,Gulf Coast,88,0,88
2020-12-02,Gulf Coast,103,0,103
2020-12-03,Gulf Coast,65,0,65
2020-12-04,Gulf Coast,93,0,93
2020-12-05,Gulf Coast,31,0,31
2020-12-06,Gulf Coast,23,0,23
2020-12-07,Gulf Coast,110,0,110
2020-12-08,Gulf Coast,98,0,98
2020-12-09,Gulf Coast,80,3,83
2020-12-10,Gulf Coast,52,0,52
2020-12-11,Gulf Coast,50,0,50
2020-12-12,Gulf Coast,30,1,31
2020-12-13,Gulf Coast,18,0,18
2020-12-14,Gulf Coast,79,0,79
2020-12-15,Gulf Coast,50,1,51
2020-12-16,Gulf Coast,45,0,45
2020-12-17,Gulf Coast,52,0,52
2020-12-18,Gulf Coast,43,1,44
2020-12-19,Gulf Coast,17,0,17
2020-12-20,Gulf Coast,10,0,10
2020-12-21,Gulf Coast,61,0,61
2020-12-22,Gulf Coast,36,0,36
2020-12-23,Gulf Coast,33,0,33
2020-12-24,Gulf Coast,12,0,12
2020-12-25,Gulf Coast,3,0,3
2020-12-26,Gulf Coast,13,0,13
2020-12-27,Gulf Coast,4,0,4
2020-12-28,Gulf Coast,37,1,38
2020-12-29,Gulf Coast,28,0,28
2020-12-30,Gulf Coast,30,0,30
2020-12-31,Gulf Coast,27,0,27
2021-01-01,Gulf Coast,6,0,6
2021-01-02,Gulf Coast,9,0,9
2021-01-03,Gulf Coast,9,1,10
2021-01-04,Gulf Coast,42,1,43
2021-01-05,Gulf Coast,34,1,35
2021-01-06,Gulf Coast,29,0,29
2021-01-07,Gulf Coast,16,0,16
2021-01-08,Gulf Coast,27,0,27
2021-01-09,Gulf Coast,10,0,10
2021-01-10,Gulf Coast,7,0,7
2021-01-11,Gulf Coast,26,1,27
2021-01-12,Gulf Coast,19,0,19
2021-01-13,Gulf Coast,22,0,22
2021-01-14,Gulf Coast,13,1,14
2021-01-15,Gulf Coast,20,0,20
2021-01-16,Gulf Coast,8,0,8
2021-01-17,Gulf Coast,9,1,10
2021-01-18,Gulf Coast,6,0,6
2021-01-19,Gulf Coast,14,1,15
2021-01-20,Gulf Coast,9,0,9
2021-01-21,Gulf Coast,5,0,5
2021-01-22,Gulf Coast,10,0,10
2021-01-23,Gulf Coast,7,0,7
2021-01-24,Gulf Coast,4,0,4
2021-01-25,Gulf Coast,12,0,12
2021-01-26,Gulf Coast,6,0,6
2021-01-27,Gulf Coast,12,0,12
2021-01-28,Gulf Coast,12,0,12
2021-01-29,Gulf Coast,10,0,10
2021-01-30,Gulf Coast,7,1,8
2021-01-31,Gulf Coast,4,0,4
2021-02-01,Gulf Coast,7,0,7
2021-02-02,Gulf Coast,3,0,3
2021-02-03,Gulf Coast,5,0,5
2021-02-04,Gulf Coast,7,0,7
2021-02-05,Gulf Coast,6,0,6
2021-02-06,Gulf Coast,2,0,2
2021-02-07,Gulf Coast,2,0,2
2021-02-08,Gulf Coast,14,0,14
2021-02-09,Gulf Coast,4,0,4
2021-02-10,Gulf Coast,7,0,7
2021-02-11,Gulf Coast,2,0,2
2021-02-12,Gulf Coast,5,1,6
2021-02-13,Gulf Coast,6,0,6
2021-02-14,Gulf Coast,2,0,2
2021-02-15,Gulf Coast,8,0,8
2021-02-16,Gulf Coast,5,0,5
2021-02-17,Gulf Coast,2,0,2
2021-02-18,Gulf Coast,3,0,3
2021-02-19,Gulf Coast,5,0,5
2021-02-20,Gulf Coast,5,0,5
2021-02-21,Gulf Coast,1,0,1
2021-02-22,Gulf Coast,4,0,4
2021-02-23,Gulf Coast,7,0,7
2021-02-24,Gulf Coast,6,0,6
2020-03-03,Interior,0,0,0
2020-03-04,Interior,0,0,0
2020-03-05,Interior,0,0,0
2020-03-06,Interior,0,0,0
2020-03-07,Interior,0,0,0
2020-03-08,Interior,1,0,1
2020-03-10,Interior,1,0,1
2020-03-11,Interior,0,0,0
2020-03-12,Interior,1,0,1
2020-03-13,Interior,2,0,2
2020-03-14,Interior,2,0,2
2020-03-15,Interior,3,0,3
2020-03-16,Interior,6,0,6
2020-03-17,Interior,1,0,1
2020-03-18,Interior,4,0,4
2020-03-19,Interior,4,0,4
2020-03-20,Interior,2,0,2
2020-03-21,Interior,4,1,5
2020-03-22,Interior,0,0,0
2020-03-23,Interior,5,0,5
2020-03-24,Interior,6,0,6
2020-03-25,Interior,5,0,5
2020-03-26,Interior,2,0,2
2020-03-27,Interior,4,0,4
2020-03-28,Interior,3,0,3
2020-03-29,Interior,2,0,2
2020-03-30,Interior,3,0,3
2020-03-31,Interior,5,0,5
2020-04-01,Interior,3,0,3
2020-04-02,Interior,1,0,1
2020-04-03,Interior,2,0,2
2020-04-04,Interior,2,0,2
2020-04-05,Interior,1,0,1
2020-04-06,Interior,4,0,4
2020-04-07,Interior,1,0,1
2020-04-08,Interior,0,0,0
2020-04-09,Interior,0,0,0
2020-04-10,Interior,1,0,1
2020-04-11,Interior,0,1,1
2020-04-12,Interior,0,0,0
2020-04-13,Interior,0,0,0
2020-04-14,Interior,0,0,0
2020-04-15,Interior,0,0,0
2020-04-16,Interior,0,0,0
2020-04-17,Interior,0,0,0
2020-04-18,Interior,0,0,0
2020-04-19,Interior,0,0,0
2020-04-20,Interior,0,0,0
2020-04-21,Interior,1,0,1
2020-04-23,Interior,0,0,0
2020-04-24,Interior,1,0,1
2020-04-25,Interior,1,0,1
2020-04-26,Interior,0,0,0
2020-04-27,Interior,1,0,1
2020-04-28,Interior,0,0,0
2020-04-29,Interior,0,0,0
2020-04-30,Interior,0,0,0
2020-05-01,Interior,0,0,0
2020-05-02,Interior,0,0,0
2020-05-03,Interior,1,0,1
2020-05-04,Interior,1,0,1
2020-05-06,Interior,1,0,1
2020-05-07,Interior,0,0,0
2020-05-09,Interior,0,0,0
2020-05-10,Interior,0,0,0
2020-05-11,Interior,1,0,1
2020-05-12,Interior,0,0,0
2020-05-13,Interior,0,0,0
2020-05-14,Interior,0,0,0
2020-05-15,Interior,0,0,0
2020-05-16,Interior,0,0,0
2020-05-17,Interior,0,0,0
2020-05-18,Interior,0,0,0
2020-05-19,Interior,0,0,0
2020-05-20,Interior,1,0,1
2020-05-21,Interior,0,0,0
2020-05-22,Interior,0,0,0
2020-05-23,Interior,0,0,0
2020-05-24,Interior,0,0,0
2020-05-25,Interior,0,0,0
2020-05-26,Interior,0,0,0
2020-05-27,Interior,0,0,0
2020-05-28,Interior,0,0,0
2020-05-29,Interior,0,0,0
2020-05-30,Interior,0,0,0
2020-05-31,Interior,0,0,0
2020-06-01,Interior,0,0,0
2020-06-02,Interior,1,0,1
2020-06-03,Interior,1,1,2
2020-06-04,Interior,0,0,0
2020-06-05,Interior,0,0,0
2020-06-06,Interior,1,0,1
2020-06-07,Interior,0,0,0
2020-06-08,Interior,2,0,2
2020-06-09,Interior,1,1,2
2020-06-10,Interior,2,0,2
2020-06-11,Interior,7,0,7
2020-06-12,Interior,2,0,2
2020-06-13,Interior,1,0,1
2020-06-14,Interior,1,3,4
2020-06-15,Interior,5,2,7
2020-06-16,Interior,3,2,5
2020-06-17,Interior,2,2,4
2020-06-18,Interior,4,2,6
2020-06-19,Interior,3,1,4
2020-06-20,Interior,2,0,2
2020-06-21,Interior,3,0,3
2020-06-22,Interior,5,2,7
2020-06-23,Interior,5,3,8
2020-06-24,Interior,6,1,7
2020-06-25,Interior,6,0,6
2020-06-26,Interior,7,2,9
2020-06-27,Interior,1,1,2
2020-06-28,Interior,6,0,6
2020-06-29,Interior,4,1,5
2020-06-30,Interior,6,2,8
2020-07-01,Interior,5,0,5
2020-07-02,Interior,7,2,9
2020-07-03,Interior,6,1,7
2020-07-04,Interior,2,0,2
2020-07-05,Interior,7,0,7
2020-07-06,Interior,3,1,4
2020-07-07,Interior,15,2,17
2020-07-08,Interior,23,1,24
2020-07-09,Interior,30,0,30
2020-07-10,Interior,27,5,32
2020-07-11,Interior,7,0,7
2020-07-12,Interior,4,4,8
2020-07-13,Interior,16,1,17
2020-07-14,Interior,20,1,21
2020-07-15,Interior,11,1,12
2020-07-16,Interior,11,0,11
2020-07-17,Interior,7,0,7
2020-07-18,Interior,11,0,11
2020-07-19,Interior,7,0,7
2020-07-20,Interior,9,1,10
2020-07-21,Interior,11,1,12
2020-07-22,Interior,13,1,14
2020-07-23,Interior,7,2,9
2020-07-24,Interior,6,0,6
2020-07-25,Interior,10,0,10
2020-07-26,Interior,6,0,6
2020-07-27,Interior,10,0,10
2020-07-28,Interior,5,1,6
2020-07-29,Interior,7,2,9
2020-07-30,Interior,6,1,7
2020-07-31,Interior,5,0,5
2020-08-01,Interior,3,1,4
2020-08-02,Interior,2,0,2
2020-08-03,Interior,9,0,9
2020-08-04,Interior,8,0,8
2020-08-05,Interior,5,0,5
2020-08-06,Interior,10,0,10
2020-08-07,Interior,4,0,4
2020-08-08,Interior,7,0,7
2020-08-09,Interior,3,0,3
2020-08-10,Interior,11,0,11
2020-08-11,Interior,11,0,11
2020-08-12,Interior,13,0,13
2020-08-13,Interior,5,1,6
2020-08-14,Interior,9,0,9
2020-08-15,Interior,7,0,7
2020-08-16,Interior,3,0,3
2020-08-17,Interior,9,0,9
2020-08-18,Interior,11,2,13
2020-08-19,Interior,17,1,18
2020-08-20,Interior,10,0,10
2020-08-21,Interior,19,0,19
2020-08-22,Interior,6,0,6
2020-08-23,Interior,9,0,9
2020-08-24,Interior,5,0,5
2020-08-25,Interior,19,2,21
2020-08-26,Interior,10,0,10
2020-08-27,Interior,15,3,18
2020-08-28,Interior,17,3,20
2020-08-29,Interior,12,0,12
2020-08-30,Interior,7,0,7
2020-08-31,Interior,17,0,17
2020-09-01,Interior,32,2,34
2020-09-02,Interior,15,0,15
2020-09-03,Interior,31,1,32
2020-09-04,Interior,7,0,7
2020-09-05,Interior,5,0,5
2020-09-06,Interior,6,0,6
2020-09-07,Interior,7,2,9
2020-09-08,Interior,29,0,29
2020-09-09,Interior,21,0,21
2020-09-10,Interior,35,0,35
2020-09-11,Interior,18,0,18
2020-09-12,Interior,7,0,7
2020-09-13,Interior,2,0,2
2020-09-14,Interior,21,1,22
2020-09-15,Interior,15,0,15
2020-09-16,Interior,19,0,19
2020-09-17,Interior,18,0,18
2020-09-18,Interior,23,0,23
2020-09-19,Interior,5,1,6
2020-09-20,Interior,13,0,13
2020-09-21,Interior,31,0,31
2020-09-22,Interior,32,1,33
2020-09-23,Interior,20,1,21
2020-09-24,Interior,46,0,46
2020-09-25,Interior,38,1,39
2020-09-26,Interior,13,0,13
2020-09-27,Interior,21,1,22
2020-09-28,Interior,38,0,38
2020-09-29,Interior,36,0,36
2020-09-30,Interior,44,1,45
2020-10-01,Interior,52,1,53
2020-10-02,Interior,52,1,53
2020-10-03,Interior,10,1,11
2020-10-04,Interior,28,1,29
2020-10-05,Interior,57,0,57
2020-10-06,Interior,62,0,62
2020-10-07,Interior,27,0,27
2020-10-08,Interior,49,0,49
2020-10-09,Interior,37,0,37
2020-10-10,Interior,19,0,19
2020-10-11,Interior,18,0,18
2020-10-12,Interior,31,0,31
2020-10-13,Interior,54,0,54
2020-10-14,Interior,40,0,40
2020-10-15,Interior,68,0,68
2020-10-16,Interior,36,0,36
2020-10-17,Interior,33,0,33
2020-10-18,Interior,15,0,15
2020-10-19,Interior,44,0,44
2020-10-20,Interior,55,2,57
2020-10-21,Interior,56,1,57
2020-10-22,Interior,43,1,44
2020-10-23,Interior,49,1,50
2020-10-24,Interior,20,0,20
2020-10-25,Interior,21,0,21
2020-10-26,Interior,59,1,60
2020-10-27,Interior,63,0,63
2020-10-28,Interior,56,1,57
2020-10-29,Interior,41,0,41
2020-10-30,Interior,23,0,23
2020-10-31,Interior,27,0,27
2020-11-01,Interior,28,1,29
2020-11-02,Interior,61,0,61
2020-11-03,Interior,54,0,54
2020-11-04,Interior,45,0,45
2020-11-05,Interior,52,0,52
2020-11-06,Interior,43,1,44
2020-11-07,Interior,27,1,28
2020-11-08,Interior,21,0,21
2020-11-09,Interior,76,2,78
2020-11-10,Interior,66,1,67
2020-11-11,Interior,42,0,42
2020-11-12,Interior,75,1,76
2020-11-13,Interior,70,1,71
2020-11-14,Interior,29,0,29
2020-11-15,Interior,32,0,32
2020-11-16,Interior,90,2,92
2020-11-17,Interior,75,2,77
2020-11-18,Interior,95,1,96
2020-11-19,Interior,89,0,89
2020-11-20,Interior,105,1,106
2020-11-21,Interior,33,4,37
2020-11-22,Interior,20,1,21
2020-11-23,Interior,82,0,82
2020-11-24,Interior,65,1,66
2020-11-25,Interior,68,0,68
2020-11-26,Interior,9,0,9
2020-11-27,Interior,50,7,57
2020-11-28,Interior,46,4,50
2020-11-29,Interior,37,0,37
2020-11-30,Interior,92,1,93
2020-12-01,Interior,75,3,78
2020-12-02,Interior,65,2,67
2020-12-03,Interior,77,0,77
2020-12-04,Interior,46,0,46
2020-12-05,Interior,26,1,27
2020-12-06,Interior,20,0,20
2020-12-07,Interior,53,2,55
2020-12-08,Interior,66,1,67
2020-12-09,Interior,61,2,63
2020-12-10,Interior,44,1,45
2020-12-11,Interior,48,1,49
2020-12-12,Interior,36,0,36
2020-12-13,Interior,20,0,20
2020-12-14,Interior,47,0,47
2020-12-15,Interior,69,0,69
2020-12-16,Interior,41,0,41
2020-12-17,Interior,43,0,43
2020-12-18,Interior,44,1,45
2020-12-19,Interior,17,0,17
2020-12-20,Interior,11,0,11
2020-12-21,Interior,56,1,57
2020-12-22,Interior,32,0,32
2020-12-23,Interior,31,0,31
2020-12-24,Interior,12,0,12
2020-12-25,Interior,6,0,6
2020-12-26,Interior,26,0,26
2020-12-27,Interior,31,0,31
2020-12-28,Interior,69,1,70
2020-12-29,Interior,59,0,59
2020-12-30,Interior,40,0,40
2020-12-31,Interior,51,0,51
2021-01-01,Interior,15,0,15
2021-01-02,Interior,57,1,58
2021-01-03,Interior,44,0,44
2021-01-04,Interior,71,1,72
2021-01-05,Interior,60,0,60
2021-01-06,Interior,53,0,53
2021-01-07,Interior,39,1,40
2021-01-08,Interior,54,0,54
2021-01-09,Interior,24,0,24
2021-01-10,Interior,19,0,19
2021-01-11,Interior,49,1,50
2021-01-12,Interior,34,0,34
2021-01-13,Interior,43,0,43
2021-01-14,Interior,32,0,32
2021-01-15,Interior,29,0,29
2021-01-16,Interior,17,0,17
2021-01-17,Interior,20,0,20
2021-01-18,Interior,20,1,21
2021-01-19,Interior,33,0,33
2021-01-20,Interior,28,1,29
2021-01-21,Interior,18,0,18
2021-01-22,Interior,28,0,28
2021-01-23,Interior,10,0,10
2021-01-24,Interior,8,0,8
2021-01-25,Interior,21,1,22
2021-01-26,Interior,20,0,20
2021-01-27,Interior,12,0,12
2021-01-28,Interior,24,0,24
2021-01-29,Interior,16,0,16
2021-01-30,Interior,6,0,6
2021-01-31,Interior,8,0,8
2021-02-01,Interior,32,0,32
2021-02-02,Interior,19,0,19
2021-02-03,Interior,22,0,22
2021-02-04,Interior,9,0,9
2021-02-05,Interior,11,0,11
2021-02-06,Interior,10,0,10
2021-02-07,Interior,3,0,3
2021-02-08,Interior,19,1,20
2021-02-09,Interior,13,1,14
2021-02-10,Interior,10,1,11
2021-02-11,Interior,17,0,17
2021-02-12,Interior,12,0,12
2021-02-13,Interior,1,0,1
2021-02-14,Interior,9,0,9
2021-02-15,Interior,14,0,14
2021-02-16,Interior,25,1,26
2021-02-17,Interior,31,1,32
2021-02-18,Interior,13,0,13
2021-02-19,Interior,22,1,23
2021-02-20,Interior,11,0,11
2021-02-21,Interior,4,0,4
2021-02-22,Interior,18,1,19
2021-02-23,Interior,11,2,13
2021-02-24,Interior,3,0,3
2020-03-03,MatSu,0,0,0
2020-03-04,MatSu,0,0,0
2020-03-05,MatSu,0,0,0
2020-03-06,MatSu,0,0,0
2020-03-07,MatSu,0,0,0
2020-03-08,MatSu,0,0,0
2020-03-10,MatSu,0,0,0
2020-03-11,MatSu,0,0,0
2020-03-12,MatSu,0,0,0
2020-03-13,MatSu,0,0,0
2020-03-14,MatSu,0,0,0
2020-03-15,MatSu,0,0,0
2020-03-16,MatSu,1,0,1
2020-03-17,MatSu,2,0,2
2020-03-18,MatSu,1,0,1
2020-03-19,MatSu,0,0,0
2020-03-20,MatSu,0,0,0
2020-03-21,MatSu,0,0,0
2020-03-22,MatSu,0,0,0
2020-03-23,MatSu,0,0,0
2020-03-24,MatSu,0,0,0
2020-03-25,MatSu,0,0,0
2020-03-26,MatSu,2,0,2
2020-03-27,MatSu,0,0,0
2020-03-28,MatSu,0,0,0
2020-03-29,MatSu,0,0,0
2020-03-30,MatSu,0,0,0
2020-03-31,MatSu,1,0,1
2020-04-01,MatSu,2,0,2
2020-04-02,MatSu,1,0,1
2020-04-03,MatSu,0,0,0
2020-04-04,MatSu,1,0,1
2020-04-05,MatSu,1,0,1
2020-04-06,MatSu,2,0,2
2020-04-07,MatSu,2,0,2
2020-04-08,MatSu,2,0,2
2020-04-09,MatSu,0,0,0
2020-04-10,MatSu,1,0,1
2020-04-11,MatSu,0,0,0
2020-04-12,MatSu,0,0,0
2020-04-13,MatSu,0,0,0
2020-04-14,MatSu,0,0,0
2020-04-15,MatSu,0,0,0
2020-04-16,MatSu,0,0,0
2020-04-17,MatSu,0,0,0
2020-04-18,MatSu,2,0,2
2020-04-19,MatSu,0,0,0
2020-04-20,MatSu,0,0,0
2020-04-21,MatSu,0,0,0
2020-04-23,MatSu,0,0,0
2020-04-24,MatSu,0,0,0
2020-04-25,MatSu,0,0,0
2020-04-26,MatSu,0,0,0
2020-04-27,MatSu,0,0,0
2020-04-28,MatSu,0,0,0
2020-04-29,MatSu,0,0,0
2020-04-30,MatSu,0,0,0
2020-05-01,MatSu,0,0,0
2020-05-02,MatSu,0,0,0
2020-05-03,MatSu,0,0,0
2020-05-04,MatSu,0,0,0
2020-05-06,MatSu,0,0,0
2020-05-07,MatSu,0,0,0
2020-05-09,MatSu,0,0,0
2020-05-10,MatSu,1,0,1
2020-05-11,MatSu,0,0,0
2020-05-12,MatSu,0,0,0
2020-05-13,MatSu,0,0,0
2020-05-14,MatSu,0,0,0
2020-05-15,MatSu,1,0,1
2020-05-16,MatSu,0,0,0
2020-05-17,MatSu,0,0,0
2020-05-18,MatSu,0,0,0
2020-05-19,MatSu,0,0,0
2020-05-20,MatSu,1,0,1
2020-05-21,MatSu,0,0,0
2020-05-22,MatSu,0,0,0
2020-05-23,MatSu,1,0,1
2020-05-24,MatSu,1,0,1
2020-05-25,MatSu,1,0,1
2020-05-26,MatSu,0,0,0
2020-05-27,MatSu,0,0,0
2020-05-28,MatSu,1,0,1
2020-05-29,MatSu,4,0,4
2020-05-30,MatSu,1,0,1
2020-05-31,MatSu,1,0,1
2020-06-01,MatSu,0,0,0
2020-06-02,MatSu,4,0,4
2020-06-03,MatSu,0,0,0
2020-06-04,MatSu,1,0,1
2020-06-05,MatSu,1,1,2
2020-06-06,MatSu,0,0,0
2020-06-07,MatSu,2,0,2
2020-06-08,MatSu,2,0,2
2020-06-09,MatSu,2,0,2
2020-06-10,MatSu,3,0,3
2020-06-11,MatSu,0,0,0
2020-06-12,MatSu,0,0,0
2020-06-13,MatSu,3,0,3
2020-06-14,MatSu,3,0,3
2020-06-15,MatSu,1,0,1
2020-06-16,MatSu,2,0,2
2020-06-17,MatSu,1,0,1
2020-06-18,MatSu,2,0,2
2020-06-19,MatSu,1,0,1
2020-06-20,MatSu,3,0,3
2020-06-21,MatSu,2,0,2
2020-06-22,MatSu,4,0,4
2020-06-23,MatSu,3,1,4
2020-06-24,MatSu,4,0,4
2020-06-25,MatSu,2,1,3
2020-06-26,MatSu,1,0,1
2020-06-27,MatSu,3,0,3
2020-06-28,MatSu,6,0,6
2020-06-29,MatSu,14,0,14
2020-06-30,MatSu,7,0,7
2020-07-01,MatSu,6,0,6
2020-07-02,MatSu,4,0,4
2020-07-03,MatSu,4,0,4
2020-07-04,MatSu,1,0,1
2020-07-05,MatSu,5,0,5
2020-07-06,MatSu,6,0,6
2020-07-07,MatSu,8,0,8
2020-07-08,MatSu,14,1,15
2020-07-09,MatSu,5,0,5
2020-07-10,MatSu,5,0,5
2020-07-11,MatSu,2,1,3
2020-07-12,MatSu,0,0,0
2020-07-13,MatSu,7,1,8
2020-07-14,MatSu,6,0,6
2020-07-15,MatSu,4,0,4
2020-07-16,MatSu,10,0,10
2020-07-17,MatSu,7,1,8
2020-07-18,MatSu,4,1,5
2020-07-19,MatSu,4,0,4
2020-07-20,MatSu,6,0,6
2020-07-21,MatSu,13,3,16
2020-07-22,MatSu,4,1,5
2020-07-23,MatSu,3,1,4
2020-07-24,MatSu,5,0,5
2020-07-25,MatSu,7,1,8
2020-07-26,MatSu,13,0,13
2020-07-27,MatSu,14,0,14
2020-07-28,MatSu,8,0,8
2020-07-29,MatSu,16,0,16
2020-07-30,MatSu,6,0,6
2020-07-31,MatSu,6,0,6
2020-08-01,MatSu,1,0,1
2020-08-02,MatSu,3,0,3
2020-08-03,MatSu,7,0,7
2020-08-04,MatSu,7,0,7
2020-08-05,MatSu,6,0,6
2020-08-06,MatSu,2,0,2
2020-08-07,MatSu,5,0,5
2020-08-08,MatSu,10,0,10
2020-08-09,MatSu,4,0,4
2020-08-10,MatSu,6,0,6
2020-08-11,MatSu,4,0,4
2020-08-12,MatSu,6,0,6
2020-08-13,MatSu,10,0,10
2020-08-14,MatSu,5,0,5
2020-08-15,MatSu,9,0,9
2020-08-16,MatSu,3,0,3
2020-08-17,MatSu,4,0,4
2020-08-18,MatSu,9,1,10
2020-08-19,MatSu,15,0,15
2020-08-20,MatSu,6,0,6
2020-08-21,MatSu,9,0,9
2020-08-22,MatSu,7,0,7
2020-08-23,MatSu,4,0,4
2020-08-24,MatSu,6,0,6
2020-08-25,MatSu,6,0,6
2020-08-26,MatSu,8,0,8
2020-08-27,MatSu,2,0,2
2020-08-28,MatSu,1,0,1
2020-08-29,MatSu,1,0,1
2020-08-30,MatSu,3,0,3
2020-08-31,MatSu,9,0,9
2020-09-01,MatSu,11,0,11
2020-09-02,MatSu,6,0,6
2020-09-03,MatSu,2,0,2
2020-09-04,MatSu,0,0,0
2020-09-05,MatSu,3,0,3
2020-09-06,MatSu,5,0,5
2020-09-07,MatSu,2,0,2
2020-09-08,MatSu,1,0,1
2020-09-09,MatSu,10,0,10
2020-09-10,MatSu,14,0,14
2020-09-11,MatSu,4,1,5
2020-09-12,MatSu,2,0,2
2020-09-13,MatSu,1,0,1
2020-09-14,MatSu,9,0,9
2020-09-15,MatSu,5,0,5
2020-09-16,MatSu,11,1,12
2020-09-17,MatSu,3,0,3
2020-09-18,MatSu,8,0,8
2020-09-19,MatSu,2,0,2
2020-09-20,MatSu,7,0,7
2020-09-21,MatSu,5,0,5
2020-09-22,MatSu,7,0,7
2020-09-23,MatSu,5,0,5
2020-09-24,MatSu,5,0,5
2020-09-25,MatSu,10,0,10
2020-09-26,MatSu,5,0,5
2020-09-27,MatSu,5,0,5
2020-09-28,MatSu,14,0,14
2020-09-29,MatSu,10,0,10
2020-09-30,MatSu,7,0,7
2020-10-01,MatSu,10,1,11
2020-10-02,MatSu,14,3,17
2020-10-03,MatSu,5,0,5
2020-10-04,MatSu,6,0,6
2020-10-05,MatSu,11,0,11
2020-10-06,MatSu,16,0,16
2020-10-07,MatSu,13,0,13
2020-10-08,MatSu,15,0,15
2020-10-09,MatSu,17,0,17
2020-10-10,MatSu,13,0,13
2020-10-11,MatSu,3,0,3
2020-10-12,MatSu,24,0,24
2020-10-13,MatSu,20,1,21
2020-10-14,MatSu,23,0,23
2020-10-15,MatSu,31,0,31
2020-10-16,MatSu,46,0,46
2020-10-17,MatSu,28,0,28
2020-10-18,MatSu,24,0,24
2020-10-19,MatSu,69,2,71
2020-10-20,MatSu,57,1,58
2020-10-21,MatSu,49,0,49
2020-10-22,MatSu,66,0,66
2020-10-23,MatSu,82,0,82
2020-10-24,MatSu,40,3,43
2020-10-25,MatSu,29,0,29
2020-10-26,MatSu,103,0,103
2020-10-27,MatSu,85,0,85
2020-10-28,MatSu,92,0,92
2020-10-29,MatSu,113,2,115
2020-10-30,MatSu,89,1,90
2020-10-31,MatSu,32,0,32
2020-11-01,MatSu,45,0,45
2020-11-02,MatSu,120,0,120
2020-11-03,MatSu,88,0,88
2020-11-04,MatSu,76,0,76
2020-11-05,MatSu,120,0,120
2020-11-06,MatSu,77,0,77
2020-11-07,MatSu,59,0,59
2020-11-08,MatSu,57,0,57
2020-11-09,MatSu,113,0,113
2020-11-10,MatSu,108,0,108
2020-11-11,MatSu,101,0,101
2020-11-12,MatSu,106,1,107
2020-11-13,MatSu,157,1,158
2020-11-14,MatSu,55,0,55
2020-11-15,MatSu,48,0,48
2020-11-16,MatSu,144,0,144
2020-11-17,MatSu,120,1,121
2020-11-18,MatSu,126,0,126
2020-11-19,MatSu,120,4,124
2020-11-20,MatSu,77,0,77
2020-11-21,MatSu,43,0,43
2020-11-22,MatSu,36,2,38
2020-11-23,MatSu,196,0,196
2020-11-24,MatSu,96,0,96
2020-11-25,MatSu,310,1,311
2020-11-26,MatSu,11,0,11
2020-11-27,MatSu,65,1,66
2020-11-28,MatSu,78,0,78
2020-11-29,MatSu,35,0,35
2020-11-30,MatSu,98,0,98
2020-12-01,MatSu,190,0,190
2020-12-02,MatSu,70,0,70
2020-12-03,MatSu,105,0,105
2020-12-04,MatSu,45,0,45
2020-12-05,MatSu,83,0,83
2020-12-06,MatSu,36,0,36
2020-12-07,MatSu,65,0,65
2020-12-08,MatSu,108,0,108
2020-12-09,MatSu,57,1,58
2020-12-10,MatSu,89,0,89
2020-12-11,MatSu,56,0,56
2020-12-12,MatSu,42,1,43
2020-12-13,MatSu,18,0,18
2020-12-14,MatSu,68,1,69
2020-12-15,MatSu,61,0,61
2020-12-16,MatSu,59,0,59
2020-12-17,MatSu,61,0,61
2020-12-18,MatSu,75,0,75
2020-12-19,MatSu,39,0,39
2020-12-20,MatSu,24,0,24
2020-12-21,MatSu,48,0,48
2020-12-22,MatSu,50,0,50
2020-12-23,MatSu,49,0,49
2020-12-24,MatSu,16,0,16
2020-12-25,MatSu,16,1,17
2020-12-26,MatSu,46,0,46
2020-12-27,MatSu,61,0,61
2020-12-28,MatSu,67,0,67
2020-12-29,MatSu,47,0,47
2020-12-30,MatSu,65,2,67
2020-12-31,MatSu,35,0,35
2021-01-01,MatSu,19,1,20
2021-01-02,MatSu,47,0,47
2021-01-03,MatSu,44,0,44
2021-01-04,MatSu,63,0,63
2021-01-05,MatSu,60,0,60
2021-01-06,MatSu,50,0,50
2021-01-07,MatSu,44,1,45
2021-01-08,MatSu,43,0,43
2021-01-09,MatSu,17,0,17
2021-01-10,MatSu,35,0,35
2021-01-11,MatSu,37,0,37
2021-01-12,MatSu,32,0,32
2021-01-13,MatSu,45,2,47
2021-01-14,MatSu,37,2,39
2021-01-15,MatSu,29,0,29
2021-01-16,MatSu,17,0,17
2021-01-17,MatSu,34,1,35
2021-01-18,MatSu,30,1,31
2021-01-19,MatSu,23,0,23
2021-01-20,MatSu,27,1,28
2021-01-21,MatSu,27,1,28
2021-01-22,MatSu,20,0,20
2021-01-23,MatSu,10,0,10
2021-01-24,MatSu,15,0,15
2021-01-25,MatSu,39,0,39
2021-01-26,MatSu,27,0,27
2021-01-27,MatSu,16,0,16
2021-01-28,MatSu,20,0,20
2021-01-29,MatSu,20,0,20
2021-01-30,MatSu,18,0,18
2021-01-31,MatSu,15,0,15
2021-02-01,MatSu,58,0,58
2021-02-02,MatSu,51,0,51
2021-02-03,MatSu,41,0,41
2021-02-04,MatSu,37,0,37
2021-02-05,MatSu,28,0,28
2021-02-06,MatSu,32,0,32
2021-02-07,MatSu,31,0,31
2021-02-08,MatSu,59,0,59
2021-02-09,MatSu,31,0,31
2021-02-10,MatSu,45,1,46
2021-02-11,MatSu,35,0,35
2021-02-12,MatSu,32,0,32
2021-02-13,MatSu,40,0,40
2021-02-14,MatSu,18,0,18
2021-02-15,MatSu,68,0,68
2021-02-16,MatSu,35,0,35
2021-02-17,MatSu,44,0,44
2021-02-18,MatSu,29,0,29
2021-02-19,MatSu,39,0,39
2021-02-20,MatSu,19,1,20
2021-02-21,MatSu,16,0,16
2021-02-22,MatSu,54,0,54
2021-02-23,MatSu,42,0,42
2021-02-24,MatSu,0,0,0
2020-03-03,Northern,0,0,0
2020-03-04,Northern,0,0,0
2020-03-05,Northern,0,0,0
2020-03-06,Northern,0,0,0
2020-03-07,Northern,0,0,0
2020-03-08,Northern,0,0,0
2020-03-10,Northern,0,0,0
2020-03-11,Northern,0,0,0
2020-03-12,Northern,0,0,0
2020-03-13,Northern,0,0,0
2020-03-14,Northern,0,0,0
2020-03-15,Northern,0,0,0
2020-03-16,Northern,0,0,0
2020-03-17,Northern,0,0,0
2020-03-18,Northern,0,0,0
2020-03-19,Northern,0,0,0
2020-03-20,Northern,0,0,0
2020-03-21,Northern,0,0,0
2020-03-22,Northern,0,0,0
2020-03-23,Northern,0,0,0
2020-03-24,Northern,0,0,0
2020-03-25,Northern,0,0,0
2020-03-26,Northern,0,0,0
2020-03-27,Northern,0,0,0
2020-03-28,Northern,0,0,0
2020-03-29,Northern,0,0,0
2020-03-30,Northern,0,0,0
2020-03-31,Northern,0,0,0
2020-04-01,Northern,0,0,0
2020-04-02,Northern,0,0,0
2020-04-03,Northern,0,0,0
2020-04-04,Northern,0,0,0
2020-04-05,Northern,1,0,1
2020-04-06,Northern,0,0,0
2020-04-07,Northern,0,0,0
2020-04-08,Northern,0,0,0
2020-04-09,Northern,0,0,0
2020-04-10,Northern,0,0,0
2020-04-11,Northern,0,0,0
2020-04-12,Northern,0,0,0
2020-04-13,Northern,0,0,0
2020-04-14,Northern,0,0,0
2020-04-15,Northern,0,0,0
2020-04-16,Northern,0,0,0
2020-04-17,Northern,0,0,0
2020-04-18,Northern,0,0,0
2020-04-19,Northern,0,0,0
2020-04-20,Northern,0,0,0
2020-04-21,Northern,0,0,0
2020-04-23,Northern,0,0,0
2020-04-24,Northern,0,0,0
2020-04-25,Northern,0,0,0
2020-04-26,Northern,0,0,0
2020-04-27,Northern,0,0,0
2020-04-28,Northern,0,0,0
2020-04-29,Northern,0,0,0
2020-04-30,Northern,0,0,0
2020-05-01,Northern,0,0,0
2020-05-02,Northern,0,0,0
2020-05-03,Northern,0,0,0
2020-05-04,Northern,0,0,0
2020-05-06,Northern,0,0,0
2020-05-07,Northern,0,0,0
2020-05-09,Northern,0,0,0
2020-05-10,Northern,0,0,0
2020-05-11,Northern,0,0,0
2020-05-12,Northern,0,0,0
2020-05-13,Northern,0,0,0
2020-05-14,Northern,0,0,0
2020-05-15,Northern,0,0,0
2020-05-16,Northern,0,0,0
2020-05-17,Northern,1,0,1
2020-05-18,Northern,0,0,0
2020-05-19,Northern,1,0,1
2020-05-20,Northern,0,0,0
2020-05-21,Northern,1,0,1
2020-05-22,Northern,2,0,2
2020-05-23,Northern,0,0,0
2020-05-24,Northern,0,0,0
2020-05-25,Northern,0,0,0
2020-05-26,Northern,0,0,0
2020-05-27,Northern,0,0,0
2020-05-28,Northern,0,0,0
2020-05-29,Northern,0,0,0
2020-05-30,Northern,0,0,0
2020-05-31,Northern,0,0,0
2020-06-01,Northern,0,0,0
2020-06-02,Northern,0,0,0
2020-06-03,Northern,1,0,1
2020-06-04,Northern,0,0,0
2020-06-05,Northern,1,0,1
2020-06-06,Northern,0,0,0
2020-06-07,Northern,0,0,0
2020-06-08,Northern,1,0,1
2020-06-09,Northern,0,0,0
2020-06-10,Northern,0,0,0
2020-06-11,Northern,0,0,0
2020-06-12,Northern,1,0,1
2020-06-13,Northern,0,0,0
2020-06-14,Northern,0,0,0
2020-06-15,Northern,0,0,0
2020-06-16,Northern,3,1,4
2020-06-17,Northern,0,0,0
2020-06-18,Northern,0,0,0
2020-06-19,Northern,0,0,0
2020-06-20,Northern,0,0,0
2020-06-21,Northern,0,0,0
2020-06-22,Northern,1,0,1
2020-06-23,Northern,0,0,0
2020-06-24,Northern,1,0,1
2020-06-25,Northern,0,1,1
2020-06-26,Northern,1,0,1
2020-06-27,Northern,0,0,0
2020-06-28,Northern,0,0,0
2020-06-29,Northern,0,0,0
2020-06-30,Northern,2,0,2
2020-07-01,Northern,0,0,0
2020-07-02,Northern,0,0,0
2020-07-03,Northern,0,0,0
2020-07-04,Northern,0,0,0
2020-07-05,Northern,0,0,0
2020-07-06,Northern,2,0,2
2020-07-07,Northern,0,0,0
2020-07-08,Northern,1,0,1
2020-07-09,Northern,2,2,4
2020-07-10,Northern,3,0,3
2020-07-11,Northern,1,0,1
2020-07-12,Northern,0,0,0
2020-07-13,Northern,1,0,1
2020-07-14,Northern,1,0,1
2020-07-15,Northern,1,0,1
2020-07-16,Northern,0,0,0
2020-07-17,Northern,1,0,1
2020-07-18,Northern,1,0,1
2020-07-19,Northern,2,0,2
2020-07-20,Northern,3,0,3
2020-07-21,Northern,5,0,5
2020-07-22,Northern,2,0,2
2020-07-23,Northern,3,0,3
2020-07-24,Northern,4,1,5
2020-07-25,Northern,9,0,9
2020-07-26,Northern,0,0,0
2020-07-27,Northern,2,1,3
2020-07-28,Northern,4,0,4
2020-07-29,Northern,1,0,1
2020-07-30,Northern,2,0,2
2020-07-31,Northern,3,0,3
2020-08-01,Northern,0,0,0
2020-08-02,Northern,1,0,1
2020-08-03,Northern,4,0,4
2020-08-04,Northern,3,0,3
2020-08-05,Northern,1,1,2
2020-08-06,Northern,2,0,2
2020-08-07,Northern,0,0,0
2020-08-08,Northern,3,0,3
2020-08-09,Northern,1,0,1
2020-08-10,Northern,3,2,5
2020-08-11,Northern,5,1,6
2020-08-12,Northern,4,0,4
2020-08-13,Northern,1,0,1
2020-08-14,Northern,6,0,6
2020-08-15,Northern,1,0,1
2020-08-16,Northern,3,0,3
2020-08-17,Northern,5,0,5
2020-08-18,Northern,5,1,6
2020-08-19,Northern,3,0,3
2020-08-20,Northern,4,0,4
2020-08-21,Northern,3,0,3
2020-08-22,Northern,3,0,3
2020-08-23,Northern,0,0,0
2020-08-24,Northern,2,0,2
2020-08-25,Northern,5,0,5
2020-08-26,Northern,5,0,5
2020-08-27,Northern,3,0,3
2020-08-28,Northern,1,0,1
2020-08-29,Northern,1,0,1
2020-08-30,Northern,2,1,3
2020-08-31,Northern,8,0,8
2020-09-01,Northern,4,0,4
2020-09-02,Northern,2,0,2
2020-09-03,Northern,3,1,4
2020-09-04,Northern,6,0,6
2020-09-05,Northern,4,0,4
2020-09-06,Northern,1,0,1
2020-09-07,Northern,2,0,2
2020-09-08,Northern,2,0,2
2020-09-09,Northern,3,0,3
2020-09-10,Northern,2,0,2
2020-09-11,Northern,1,0,1
2020-09-12,Northern,2,1,3
2020-09-13,Northern,4,0,4
2020-09-14,Northern,5,2,7
2020-09-15,Northern,10,0,10
2020-09-16,Northern,7,0,7
2020-09-17,Northern,16,0,16
2020-09-18,Northern,14,0,14
2020-09-19,Northern,8,0,8
2020-09-20,Northern,9,0,9
2020-09-21,Northern,10,0,10
2020-09-22,Northern,8,2,10
2020-09-23,Northern,9,2,11
2020-09-24,Northern,11,0,11
2020-09-25,Northern,9,6,15
2020-09-26,Northern,3,0,3
2020-09-27,Northern,11,0,11
2020-09-28,Northern,15,0,15
2020-09-29,Northern,6,0,6
2020-09-30,Northern,12,0,12
2020-10-01,Northern,15,0,15
2020-10-02,Northern,15,0,15
2020-10-03,Northern,3,0,3
2020-10-04,Northern,4,0,4
2020-10-05,Northern,9,0,9
2020-10-06,Northern,20,0,20
2020-10-07,Northern,7,0,7
2020-10-08,Northern,9,0,9
2020-10-09,Northern,16,0,16
2020-10-10,Northern,6,0,6
2020-10-11,Northern,8,0,8
2020-10-12,Northern,12,0,12
2020-10-13,Northern,28,2,30
2020-10-14,Northern,9,2,11
2020-10-15,Northern,8,0,8
2020-10-16,Northern,7,0,7
2020-10-17,Northern,9,1,10
2020-10-18,Northern,2,0,2
2020-10-19,Northern,8,0,8
2020-10-20,Northern,12,0,12
2020-10-21,Northern,11,1,12
2020-10-22,Northern,12,0,12
2020-10-23,Northern,11,0,11
2020-10-24,Northern,5,0,5
2020-10-25,Northern,8,0,8
2020-10-26,Northern,16,0,16
2020-10-27,Northern,13,0,13
2020-10-28,Northern,11,0,11
2020-10-29,Northern,11,2,13
2020-10-30,Northern,12,0,12
2020-10-31,Northern,8,1,9
2020-11-01,Northern,7,1,8
2020-11-02,Northern,4,1,5
2020-11-03,Northern,7,1,8
2020-11-04,Northern,23,0,23
2020-11-05,Northern,14,0,14
2020-11-06,Northern,15,2,17
2020-11-07,Northern,4,0,4
2020-11-08,Northern,8,0,8
2020-11-09,Northern,13,0,13
2020-11-10,Northern,14,0,14
2020-11-11,Northern,10,1,11
2020-11-12,Northern,7,0,7
2020-11-13,Northern,12,1,13
2020-11-14,Northern,10,0,10
2020-11-15,Northern,4,2,6
2020-11-16,Northern,13,0,13
2020-11-17,Northern,19,0,19
2020-11-18,Northern,17,0,17
2020-11-19,Northern,19,0,19
2020-11-20,Northern,32,0,32
2020-11-21,Northern,13,0,13
2020-11-22,Northern,7,0,7
2020-11-23,Northern,10,1,11
2020-11-24,Northern,6,1,7
2020-11-25,Northern,32,0,32
2020-11-26,Northern,6,0,6
2020-11-27,Northern,15,1,16
2020-11-28,Northern,14,0,14
2020-11-29,Northern,9,1,10
2020-11-30,Northern,27,1,28
2020-12-01,Northern,20,2,22
2020-12-02,Northern,29,0,29
2020-12-03,Northern,31,1,32
2020-12-04,Northern,20,0,20
2020-12-05,Northern,10,0,10
2020-12-06,Northern,15,0,15
2020-12-07,Northern,13,0,13
2020-12-08,Northern,21,0,21
2020-12-09,Northern,12,0,12
2020-12-10,Northern,16,0,16
2020-12-11,Northern,24,0,24
2020-12-12,Northern,10,0,10
2020-12-13,Northern,12,0,12
2020-12-14,Northern,14,0,14
2020-12-15,Northern,11,0,11
2020-12-16,Northern,17,1,18
2020-12-17,Northern,7,1,8
2020-12-18,Northern,12,0,12
2020-12-19,Northern,6,0,6
2020-12-20,Northern,3,0,3
2020-12-21,Northern,6,4,10
2020-12-22,Northern,6,0,6
2020-12-23,Northern,5,0,5
2020-12-24,Northern,3,1,4
2020-12-25,Northern,2,0,2
2020-12-26,Northern,6,0,6
2020-12-27,Northern,5,0,5
2020-12-28,Northern,16,2,18
2020-12-29,Northern,11,0,11
2020-12-30,Northern,13,0,13
2020-12-31,Northern,7,0,7
2021-01-01,Northern,1,0,1
2021-01-02,Northern,11,0,11
2021-01-03,Northern,7,0,7
2021-01-04,Northern,50,1,51
2021-01-05,Northern,55,0,55
2021-01-06,Northern,24,0,24
2021-01-07,Northern,21,0,21
2021-01-08,Northern,12,0,12
2021-01-09,Northern,10,0,10
2021-01-10,Northern,26,0,26
2021-01-11,Northern,6,0,6
2021-01-12,Northern,22,1,23
2021-01-13,Northern,14,0,14
2021-01-14,Northern,11,0,11
2021-01-15,Northern,16,1,17
2021-01-16,Northern,6,1,7
2021-01-17,Northern,0,1,1
2021-01-18,Northern,3,0,3
2021-01-19,Northern,21,0,21
2021-01-20,Northern,7,0,7
2021-01-21,Northern,3,0,3
2021-01-22,Northern,6,0,6
2021-01-23,Northern,3,0,3
2021-01-24,Northern,1,0,1
2021-01-25,Northern,2,0,2
2021-01-26,Northern,1,0,1
2021-01-27,Northern,1,1,2
2021-01-28,Northern,5,1,6
2021-01-29,Northern,2,0,2
2021-01-30,Northern,0,0,0
2021-01-31,Northern,1,0,1
2021-02-01,Northern,3,1,4
2021-02-02,Northern,2,1,3
2021-02-03,Northern,2,2,4
2021-02-04,Northern,2,1,3
2021-02-05,Northern,1,0,1
2021-02-06,Northern,2,0,2
2021-02-07,Northern,1,2,3
2021-02-08,Northern,2,0,2
2021-02-09,Northern,2,0,2
2021-02-10,Northern,4,0,4
2021-02-11,Northern,2,4,6
2021-02-12,Northern,0,0,0
2021-02-13,Northern,0,0,0
2021-02-14,Northern,1,0,1
2021-02-15,Northern,3,0,3
2021-02-16,Northern,0,0,0
2021-02-17,Northern,1,0,1
2021-02-18,Northern,2,1,3
2021-02-19,Northern,1,0,1
2021-02-20,Northern,0,0,0
2021-02-21,Northern,1,0,1
2021-02-22,Northern,1,0,1
2021-02-23,Northern,1,0,1
2021-02-24,Northern,0,0,0
2020-03-03,Southeast,0,0,0
2020-03-04,Southeast,0,0,0
2020-03-05,Southeast,1,0,1
2020-03-06,Southeast,1,0,1
2020-03-07,Southeast,0,0,0
2020-03-08,Southeast,0,0,0
2020-03-10,Southeast,1,0,1
2020-03-11,Southeast,0,0,0
2020-03-12,Southeast,0,0,0
2020-03-13,Southeast,0,0,0
2020-03-14,Southeast,2,0,2
2020-03-15,Southeast,0,0,0
2020-03-16,Southeast,4,0,4
2020-03-17,Southeast,5,0,5
2020-03-18,Southeast,3,0,3
2020-03-19,Southeast,3,0,3
2020-03-20,Southeast,3,0,3
2020-03-21,Southeast,3,0,3
2020-03-22,Southeast,1,0,1
2020-03-23,Southeast,2,0,2
2020-03-24,Southeast,1,0,1
2020-03-25,Southeast,1,0,1
2020-03-26,Southeast,1,0,1
2020-03-27,Southeast,0,0,0
2020-03-28,Southeast,1,0,1
2020-03-29,Southeast,1,0,1
2020-03-30,Southeast,0,0,0
2020-03-31,Southeast,0,0,0
2020-04-01,Southeast,2,0,2
2020-04-02,Southeast,1,0,1
2020-04-03,Southeast,1,0,1
2020-04-04,Southeast,0,0,0
2020-04-05,Southeast,0,0,0
2020-04-06,Southeast,0,0,0
2020-04-07,Southeast,1,0,1
2020-04-08,Southeast,0,0,0
2020-04-09,Southeast,2,0,2
2020-04-10,Southeast,1,0,1
2020-04-11,Southeast,3,0,3
2020-04-12,Southeast,1,0,1
2020-04-13,Southeast,0,0,0
2020-04-14,Southeast,1,0,1
2020-04-15,Southeast,1,0,1
2020-04-16,Southeast,1,0,1
2020-04-17,Southeast,1,0,1
2020-04-18,Southeast,0,0,0
2020-04-19,Southeast,0,0,0
2020-04-20,Southeast,0,0,0
2020-04-21,Southeast,1,0,1
2020-04-23,Southeast,0,0,0
2020-04-24,Southeast,0,0,0
2020-04-25,Southeast,0,0,0
2020-04-26,Southeast,0,0,0
2020-04-27,Southeast,0,0,0
2020-04-28,Southeast,1,0,1
2020-04-29,Southeast,0,0,0
2020-04-30,Southeast,1,0,1
2020-05-01,Southeast,0,0,0
2020-05-02,Southeast,0,0,0
2020-05-03,Southeast,0,0,0
2020-05-04,Southeast,0,0,0
2020-05-06,Southeast,0,0,0
2020-05-07,Southeast,0,0,0
2020-05-09,Southeast,0,0,0
2020-05-10,Southeast,0,0,0
2020-05-11,Southeast,0,0,0
2020-05-12,Southeast,0,0,0
2020-05-13,Southeast,0,0,0
2020-05-14,Southeast,0,0,0
2020-05-15,Southeast,0,0,0
2020-05-16,Southeast,1,0,1
2020-05-17,Southeast,1,0,1
2020-05-18,Southeast,0,0,0
2020-05-19,Southeast,0,1,1
2020-05-20,Southeast,1,0,1
2020-05-21,Southeast,0,0,0
2020-05-22,Southeast,1,0,1
2020-05-23,Southeast,0,0,0
2020-05-24,Southeast,0,0,0
2020-05-25,Southeast,0,0,0
2020-05-26,Southeast,1,0,1
2020-05-27,Southeast,1,0,1
2020-05-28,Southeast,0,0,0
2020-05-29,Southeast,1,0,1
2020-05-30,Southeast,0,0,0
2020-05-31,Southeast,0,0,0
2020-06-01,Southeast,0,1,1
2020-06-02,Southeast,0,0,0
2020-06-03,Southeast,1,0,1
2020-06-04,Southeast,3,1,4
2020-06-05,Southeast,0,0,0
2020-06-06,Southeast,0,1,1
2020-06-07,Southeast,3,2,5
2020-06-08,Southeast,3,0,3
2020-06-09,Southeast,2,2,4
2020-06-10,Southeast,1,2,3
2020-06-11,Southeast,1,1,2
2020-06-12,Southeast,3,1,4
2020-06-13,Southeast,4,0,4
2020-06-14,Southeast,1,0,1
2020-06-15,Southeast,0,0,0
2020-06-16,Southeast,0,3,3
2020-06-17,Southeast,2,0,2
2020-06-18,Southeast,1,0,1
2020-06-19,Southeast,0,0,0
2020-06-20,Southeast,0,1,1
2020-06-21,Southeast,0,4,4
2020-06-22,Southeast,0,4,4
2020-06-23,Southeast,0,1,1
2020-06-24,Southeast,0,1,1
2020-06-25,Southeast,2,1,3
2020-06-26,Southeast,1,0,1
2020-06-27,Southeast,1,0,1
2020-06-28,Southeast,1,0,1
2020-06-29,Southeast,1,4,5
2020-06-30,Southeast,2,0,2
2020-07-01,Southeast,2,0,2
2020-07-02,Southeast,1,2,3
2020-07-03,Southeast,1,0,1
2020-07-04,Southeast,1,0,1
2020-07-05,Southeast,0,0,0
2020-07-06,Southeast,1,1,2
2020-07-07,Southeast,2,2,4
2020-07-08,Southeast,2,2,4
2020-07-09,Southeast,1,0,1
2020-07-10,Southeast,2,1,3
2020-07-11,Southeast,0,2,2
2020-07-12,Southeast,4,4,8
2020-07-13,Southeast,2,4,6
2020-07-14,Southeast,3,2,5
2020-07-15,Southeast,2,27,29
2020-07-16,Southeast,8,5,13
2020-07-17,Southeast,2,0,2
2020-07-18,Southeast,0,0,0
2020-07-19,Southeast,0,1,1
2020-07-20,Southeast,7,0,7
2020-07-21,Southeast,5,2,7
2020-07-22,Southeast,7,12,19
2020-07-23,Southeast,10,2,12
2020-07-24,Southeast,1,0,1
2020-07-25,Southeast,4,2,6
2020-07-26,Southeast,8,1,9
2020-07-27,Southeast,3,4,7
2020-07-28,Southeast,3,1,4
2020-07-29,Southeast,3,0,3
2020-07-30,Southeast,1,4,5
2020-07-31,Southeast,4,4,8
2020-08-01,Southeast,1,1,2
2020-08-02,Southeast,0,1,1
2020-08-03,Southeast,5,1,6
2020-08-04,Southeast,8,1,9
2020-08-05,Southeast,4,1,5
2020-08-06,Southeast,2,3,5
2020-08-07,Southeast,7,2,9
2020-08-08,Southeast,4,1,5
2020-08-09,Southeast,5,0,5
2020-08-10,Southeast,11,9,20
2020-08-11,Southeast,9,1,10
2020-08-12,Southeast,10,2,12
2020-08-13,Southeast,8,4,12
2020-08-14,Southeast,7,0,7
2020-08-15,Southeast,4,1,5
2020-08-16,Southeast,5,0,5
2020-08-17,Southeast,5,1,6
2020-08-18,Southeast,5,0,5
2020-08-19,Southeast,0,0,0
2020-08-20,Southeast,7,0,7
2020-08-21,Southeast,4,0,4
2020-08-22,Southeast,2,0,2
2020-08-23,Southeast,3,0,3
2020-08-24,Southeast,2,3,5
2020-08-25,Southeast,4,0,4
2020-08-26,Southeast,7,0,7
2020-08-27,Southeast,3,0,3
2020-08-28,Southeast,6,0,6
2020-08-29,Southeast,6,0,6
2020-08-30,Southeast,1,0,1
2020-08-31,Southeast,8,1,9
2020-09-01,Southeast,3,0,3
2020-09-02,Southeast,6,0,6
2020-09-03,Southeast,6,1,7
2020-09-04,Southeast,8,0,8
2020-09-05,Southeast,1,0,1
2020-09-06,Southeast,3,0,3
2020-09-07,Southeast,2,0,2
2020-09-08,Southeast,15,0,15
2020-09-09,Southeast,12,0,12
2020-09-10,Southeast,8,0,8
2020-09-11,Southeast,9,1,10
2020-09-12,Southeast,3,0,3
2020-09-13,Southeast,3,0,3
2020-09-14,Southeast,5,0,5
2020-09-15,Southeast,1,0,1
2020-09-16,Southeast,8,0,8
2020-09-17,Southeast,3,0,3
2020-09-18,Southeast,8,0,8
2020-09-19,Southeast,4,0,4
2020-09-20,Southeast,1,0,1
2020-09-21,Southeast,4,0,4
2020-09-22,Southeast,3,0,3
2020-09-23,Southeast,8,0,8
2020-09-24,Southeast,3,0,3
2020-09-25,Southeast,6,0,6
2020-09-26,Southeast,6,0,6
2020-09-27,Southeast,2,0,2
2020-09-28,Southeast,3,0,3
2020-09-29,Southeast,3,0,3
2020-09-30,Southeast,6,0,6
2020-10-01,Southeast,2,1,3
2020-10-02,Southeast,4,0,4
2020-10-03,Southeast,4,0,4
2020-10-04,Southeast,3,0,3
2020-10-05,Southeast,3,0,3
2020-10-06,Southeast,2,1,3
2020-10-07,Southeast,6,1,7
2020-10-08,Southeast,7,0,7
2020-10-09,Southeast,14,0,14
2020-10-10,Southeast,10,0,10
2020-10-11,Southeast,9,0,9
2020-10-12,Southeast,8,0,8
2020-10-13,Southeast,6,0,6
2020-10-14,Southeast,8,0,8
2020-10-15,Southeast,14,0,14
2020-10-16,Southeast,25,0,25
2020-10-17,Southeast,8,0,8
2020-10-18,Southeast,6,0,6
2020-10-19,Southeast,10,0,10
2020-10-20,Southeast,16,1,17
2020-10-21,Southeast,10,0,10
2020-10-22,Southeast,20,0,20
2020-10-23,Southeast,21,1,22
2020-10-24,Southeast,16,0,16
2020-10-25,Southeast,10,0,10
2020-10-26,Southeast,18,0,18
2020-10-27,Southeast,22,1,23
2020-10-28,Southeast,14,0,14
2020-10-29,Southeast,14,0,14
2020-10-30,Southeast,31,0,31
2020-10-31,Southeast,12,0,12
2020-11-01,Southeast,13,0,13
2020-11-02,Southeast,32,0,32
2020-11-03,Southeast,17,0,17
2020-11-04,Southeast,20,0,20
2020-11-05,Southeast,22,0,22
2020-11-06,Southeast,37,1,38
2020-11-07,Southeast,17,0,17
2020-11-08,Southeast,5,1,6
2020-11-09,Southeast,22,1,23
2020-11-10,Southeast,26,0,26
2020-11-11,Southeast,16,0,16
2020-11-12,Southeast,17,0,17
2020-11-13,Southeast,12,0,12
2020-11-14,Southeast,7,0,7
2020-11-15,Southeast,9,0,9
2020-11-16,Southeast,25,0,25
2020-11-17,Southeast,25,0,25
2020-11-18,Southeast,18,0,18
2020-11-19,Southeast,12,0,12
2020-11-20,Southeast,10,0,10
2020-11-21,Southeast,18,0,18
2020-11-22,Southeast,5,1,6
2020-11-23,Southeast,19,0,19
2020-11-24,Southeast,19,0,19
2020-11-25,Southeast,27,0,27
2020-11-26,Southeast,2,0,2
2020-11-27,Southeast,27,0,27
2020-11-28,Southeast,5,0,5
2020-11-29,Southeast,21,0,21
2020-11-30,Southeast,24,1,25
2020-12-01,Southeast,22,0,22
2020-12-02,Southeast,13,1,14
2020-12-03,Southeast,10,0,10
2020-12-04,Southeast,5,0,5
2020-12-05,Southeast,9,1,10
2020-12-06,Southeast,5,0,5
2020-12-07,Southeast,9,0,9
2020-12-08,Southeast,8,1,9
2020-12-09,Southeast,16,0,16
2020-12-10,Southeast,15,1,16
2020-12-11,Southeast,5,0,5
2020-12-12,Southeast,9,0,9
2020-12-13,Southeast,11,0,11
2020-12-14,Southeast,7,0,7
2020-12-15,Southeast,7,0,7
2020-12-16,Southeast,14,0,14
2020-12-17,Southeast,15,0,15
2020-12-18,Southeast,8,0,8
2020-12-19,Southeast,7,0,7
2020-12-20,Southeast,8,2,10
2020-12-21,Southeast,11,0,11
2020-12-22,Southeast,6,0,6
2020-12-23,Southeast,10,2,12
2020-12-24,Southeast,5,0,5
2020-12-25,Southeast,1,0,1
2020-12-26,Southeast,11,1,12
2020-12-27,Southeast,4,0,4
2020-12-28,Southeast,4,3,7
2020-12-29,Southeast,11,1,12
2020-12-30,Southeast,10,0,10
2020-12-31,Southeast,4,0,4
2021-01-01,Southeast,3,0,3
2021-01-02,Southeast,9,2,11
2021-01-03,Southeast,0,0,0
2021-01-04,Southeast,9,0,9
2021-01-05,Southeast,11,0,11
2021-01-06,Southeast,4,1,5
2021-01-07,Southeast,10,0,10
2021-01-08,Southeast,8,1,9
2021-01-09,Southeast,7,0,7
2021-01-10,Southeast,3,0,3
2021-01-11,Southeast,18,1,19
2021-01-12,Southeast,9,0,9
2021-01-13,Southeast,9,0,9
2021-01-14,Southeast,5,0,5
2021-01-15,Southeast,4,1,5
2021-01-16,Southeast,5,0,5
2021-01-17,Southeast,2,0,2
2021-01-18,Southeast,5,0,5
2021-01-19,Southeast,9,0,9
2021-01-20,Southeast,3,0,3
2021-01-21,Southeast,12,0,12
2021-01-22,Southeast,14,0,14
2021-01-23,Southeast,3,0,3
2021-01-24,Southeast,4,0,4
2021-01-25,Southeast,10,0,10
2021-01-26,Southeast,9,0,9
2021-01-27,Southeast,8,0,8
2021-01-28,Southeast,6,0,6
2021-01-29,Southeast,8,2,10
2021-01-30,Southeast,4,0,4
2021-01-31,Southeast,6,0,6
2021-02-01,Southeast,11,0,11
2021-02-02,Southeast,7,0,7
2021-02-03,Southeast,5,0,5
2021-02-04,Southeast,12,0,12
2021-02-05,Southeast,5,0,5
2021-02-06,Southeast,5,0,5
2021-02-07,Southeast,0,0,0
2021-02-08,Southeast,6,1,7
2021-02-09,Southeast,3,0,3
2021-02-10,Southeast,10,0,10
2021-02-11,Southeast,4,0,4
2021-02-12,Southeast,7,0,7
2021-02-13,Southeast,6,0,6
2021-02-14,Southeast,4,0,4
2021-02-15,Southeast,9,1,10
2021-02-16,Southeast,12,0,12
2021-02-17,Southeast,10,1,11
2021-02-18,Southeast,11,0,11
2021-02-19,Southeast,9,0,9
2021-02-20,Southeast,2,0,2
2021-02-21,Southeast,5,0,5
2021-02-22,Southeast,12,0,12
2021-02-23,Southeast,12,0,12
2021-02-24,Southeast,2,0,2
2020-03-03,Southwest,0,0,0
2020-03-04,Southwest,0,0,0
2020-03-05,Southwest,0,0,0
2020-03-06,Southwest,0,0,0
2020-03-07,Southwest,0,0,0
2020-03-08,Southwest,0,0,0
2020-03-10,Southwest,0,0,0
2020-03-11,Southwest,0,0,0
2020-03-12,Southwest,0,0,0
2020-03-13,Southwest,0,0,0
2020-03-14,Southwest,0,0,0
2020-03-15,Southwest,0,0,0
2020-03-16,Southwest,0,0,0
2020-03-17,Southwest,0,0,0
2020-03-18,Southwest,0,0,0
2020-03-19,Southwest,0,0,0
2020-03-20,Southwest,0,0,0
2020-03-21,Southwest,0,0,0
2020-03-22,Southwest,0,0,0
2020-03-23,Southwest,0,0,0
2020-03-24,Southwest,0,0,0
2020-03-25,Southwest,0,0,0
2020-03-26,Southwest,1,0,1
2020-03-27,Southwest,0,0,0
2020-03-28,Southwest,0,0,0
2020-03-29,Southwest,0,0,0
2020-03-30,Southwest,0,0,0
2020-03-31,Southwest,0,0,0
2020-04-01,Southwest,0,0,0
2020-04-02,Southwest,0,0,0
2020-04-03,Southwest,0,0,0
2020-04-04,Southwest,0,0,0
2020-04-05,Southwest,0,0,0
2020-04-06,Southwest,0,0,0
2020-04-07,Southwest,0,0,0
2020-04-08,Southwest,0,0,0
2020-04-09,Southwest,0,0,0
2020-04-10,Southwest,0,0,0
2020-04-11,Southwest,0,0,0
2020-04-12,Southwest,0,0,0
2020-04-13,Southwest,0,0,0
2020-04-14,Southwest,0,0,0
2020-04-15,Southwest,0,0,0
2020-04-16,Southwest,0,0,0
2020-04-17,Southwest,0,0,0
2020-04-18,Southwest,0,0,0
2020-04-19,Southwest,0,0,0
2020-04-20,Southwest,0,0,0
2020-04-21,Southwest,0,0,0
2020-04-23,Southwest,0,0,0
2020-04-24,Southwest,0,0,0
2020-04-25,Southwest,0,0,0
2020-04-26,Southwest,0,0,0
2020-04-27,Southwest,0,0,0
2020-04-28,Southwest,0,0,0
2020-04-29,Southwest,0,0,0
2020-04-30,Southwest,0,0,0
2020-05-01,Southwest,1,0,1
2020-05-02,Southwest,0,0,0
2020-05-03,Southwest,0,0,0
2020-05-04,Southwest,0,0,0
2020-05-06,Southwest,0,0,0
2020-05-07,Southwest,0,0,0
2020-05-09,Southwest,0,0,0
2020-05-10,Southwest,0,0,0
2020-05-11,Southwest,0,0,0
2020-05-12,Southwest,1,0,1
2020-05-13,Southwest,0,1,1
2020-05-14,Southwest,0,0,0
2020-05-15,Southwest,0,0,0
2020-05-16,Southwest,0,0,0
2020-05-17,Southwest,0,0,0
2020-05-18,Southwest,0,0,0
2020-05-19,Southwest,1,0,1
2020-05-20,Southwest,0,0,0
2020-05-21,Southwest,0,0,0
2020-05-22,Southwest,0,0,0
2020-05-23,Southwest,0,0,0
2020-05-24,Southwest,0,0,0
2020-05-25,Southwest,0,0,0
2020-05-26,Southwest,0,0,0
2020-05-27,Southwest,0,0,0
2020-05-28,Southwest,0,1,1
2020-05-29,Southwest,0,1,1
2020-05-30,Southwest,0,0,0
2020-05-31,Southwest,0,0,0
2020-06-01,Southwest,0,0,0
2020-06-02,Southwest,0,0,0
2020-06-03,Southwest,0,2,2
2020-06-04,Southwest,0,1,1
2020-06-05,Southwest,0,1,1
2020-06-06,Southwest,0,0,0
2020-06-07,Southwest,0,2,2
2020-06-08,Southwest,0,0,0
2020-06-09,Southwest,0,2,2
2020-06-10,Southwest,0,1,1
2020-06-11,Southwest,0,1,1
2020-06-12,Southwest,1,1,2
2020-06-13,Southwest,0,0,0
2020-06-14,Southwest,0,3,3
2020-06-15,Southwest,1,0,1
2020-06-16,Southwest,3,2,5
2020-06-17,Southwest,1,4,5
2020-06-18,Southwest,0,1,1
2020-06-19,Southwest,0,2,2
2020-06-20,Southwest,0,0,0
2020-06-21,Southwest,0,3,3
2020-06-22,Southwest,1,14,15
2020-06-23,Southwest,1,1,2
2020-06-24,Southwest,0,9,9
2020-06-25,Southwest,0,0,0
2020-06-26,Southwest,0,4,4
2020-06-27,Southwest,0,1,1
2020-06-28,Southwest,1,3,4
2020-06-29,Southwest,1,6,7
2020-06-30,Southwest,2,0,2
2020-07-01,Southwest,1,4,5
2020-07-02,Southwest,0,4,4
2020-07-03,Southwest,0,0,0
2020-07-04,Southwest,2,4,6
2020-07-05,Southwest,1,3,4
2020-07-06,Southwest,1,2,3
2020-07-07,Southwest,2,0,2
2020-07-08,Southwest,0,2,2
2020-07-09,Southwest,2,2,4
2020-07-10,Southwest,1,0,1
2020-07-11,Southwest,0,0,0
2020-07-12,Southwest,0,0,0
2020-07-13,Southwest,0,0,0
2020-07-14,Southwest,0,0,0
2020-07-15,Southwest,0,0,0
2020-07-16,Southwest,0,7,7
2020-07-17,Southwest,1,45,46
2020-07-18,Southwest,0,1,1
2020-07-19,Southwest,0,27,27
2020-07-20,Southwest,3,0,3
2020-07-21,Southwest,0,0,0
2020-07-22,Southwest,0,0,0
2020-07-23,Southwest,2,2,4
2020-07-24,Southwest,0,1,1
2020-07-25,Southwest,0,1,1
2020-07-26,Southwest,2,0,2
2020-07-27,Southwest,1,0,1
2020-07-28,Southwest,0,1,1
2020-07-29,Southwest,0,0,0
2020-07-30,Southwest,2,1,3
2020-07-31,Southwest,0,0,0
2020-08-01,Southwest,1,0,1
2020-08-02,Southwest,2,2,4
2020-08-03,Southwest,1,0,1
2020-08-04,Southwest,1,1,2
2020-08-05,Southwest,1,0,1
2020-08-06,Southwest,3,0,3
2020-08-07,Southwest,0,0,0
2020-08-08,Southwest,0,0,0
2020-08-09,Southwest,0,1,1
2020-08-10,Southwest,3,0,3
2020-08-11,Southwest,4,2,6
2020-08-12,Southwest,2,0,2
2020-08-13,Southwest,2,0,2
2020-08-14,Southwest,2,0,2
2020-08-15,Southwest,2,0,2
2020-08-16,Southwest,1,0,1
2020-08-17,Southwest,2,0,2
2020-08-18,Southwest,1,0,1
2020-08-19,Southwest,2,0,2
2020-08-20,Southwest,1,0,1
2020-08-21,Southwest,3,0,3
2020-08-22,Southwest,10,1,11
2020-08-23,Southwest,0,0,0
2020-08-24,Southwest,1,1,2
2020-08-25,Southwest,0,1,1
2020-08-26,Southwest,2,0,2
2020-08-27,Southwest,1,0,1
2020-08-28,Southwest,0,1,1
2020-08-29,Southwest,2,0,2
2020-08-30,Southwest,0,0,0
2020-08-31,Southwest,1,0,1
2020-09-01,Southwest,10,0,10
2020-09-02,Southwest,2,6,8
2020-09-03,Southwest,0,1,1
2020-09-04,Southwest,5,0,5
2020-09-05,Southwest,2,0,2
2020-09-06,Southwest,0,1,1
2020-09-07,Southwest,0,0,0
2020-09-08,Southwest,3,0,3
2020-09-09,Southwest,2,1,3
2020-09-10,Southwest,5,1,6
2020-09-11,Southwest,2,0,2
2020-09-12,Southwest,0,1,1
2020-09-13,Southwest,2,0,2
2020-09-14,Southwest,8,0,8
2020-09-15,Southwest,9,0,9
2020-09-16,Southwest,1,0,1
2020-09-17,Southwest,2,0,2
2020-09-18,Southwest,3,1,4
2020-09-19,Southwest,2,0,2
2020-09-20,Southwest,5,0,5
2020-09-21,Southwest,5,0,5
2020-09-22,Southwest,7,0,7
2020-09-23,Southwest,4,0,4
2020-09-24,Southwest,1,0,1
2020-09-25,Southwest,3,0,3
2020-09-26,Southwest,4,0,4
2020-09-27,Southwest,1,0,1
2020-09-28,Southwest,8,0,8
2020-09-29,Southwest,20,0,20
2020-09-30,Southwest,4,0,4
2020-10-01,Southwest,1,0,1
2020-10-02,Southwest,9,0,9
2020-10-03,Southwest,5,0,5
2020-10-04,Southwest,5,0,5
2020-10-05,Southwest,4,0,4
2020-10-06,Southwest,9,0,9
2020-10-07,Southwest,12,0,12
2020-10-08,Southwest,13,2,15
2020-10-09,Southwest,6,0,6
2020-10-10,Southwest,5,0,5
2020-10-11,Southwest,3,0,3
2020-10-12,Southwest,20,0,20
2020-10-13,Southwest,101,0,101
2020-10-14,Southwest,81,0,81
2020-10-15,Southwest,78,0,78
2020-10-16,Southwest,28,0,28
2020-10-17,Southwest,7,0,7
2020-10-18,Southwest,6,0,6
2020-10-19,Southwest,29,0,29
2020-10-20,Southwest,29,0,29
2020-10-21,Southwest,35,0,35
2020-10-22,Southwest,29,0,29
2020-10-23,Southwest,13,0,13
2020-10-24,Southwest,3,0,3
2020-10-25,Southwest,23,0,23
2020-10-26,Southwest,82,1,83
2020-10-27,Southwest,40,1,41
2020-10-28,Southwest,121,0,121
2020-10-29,Southwest,23,0,23
2020-10-30,Southwest,45,0,45
2020-10-31,Southwest,4,0,4
2020-11-01,Southwest,8,0,8
2020-11-02,Southwest,75,0,75
2020-11-03,Southwest,55,0,55
2020-11-04,Southwest,40,0,40
2020-11-05,Southwest,35,0,35
2020-11-06,Southwest,51,0,51
2020-11-07,Southwest,53,0,53
2020-11-08,Southwest,8,0,8
2020-11-09,Southwest,56,0,56
2020-11-10,Southwest,41,0,41
2020-11-11,Southwest,19,0,19
2020-11-12,Southwest,180,0,180
2020-11-13,Southwest,135,0,135
2020-11-14,Southwest,17,0,17
2020-11-15,Southwest,162,0,162
2020-11-16,Southwest,105,0,105
2020-11-17,Southwest,56,0,56
2020-11-18,Southwest,34,0,34
2020-11-19,Southwest,68,0,68
2020-11-20,Southwest,75,0,75
2020-11-21,Southwest,27,1,28
2020-11-22,Southwest,16,0,16
2020-11-23,Southwest,71,0,71
2020-11-24,Southwest,42,0,42
2020-11-25,Southwest,79,0,79
2020-11-26,Southwest,12,0,12
2020-11-27,Southwest,43,0,43
2020-11-28,Southwest,33,0,33
2020-11-29,Southwest,11,0,11
2020-11-30,Southwest,48,0,48
2020-12-01,Southwest,61,0,61
2020-12-02,Southwest,69,2,71
2020-12-03,Southwest,57,2,59
2020-12-04,Southwest,47,24,71
2020-12-05,Southwest,26,0,26
2020-12-06,Southwest,45,8,53
2020-12-07,Southwest,58,2,60
2020-12-08,Southwest,34,0,34
2020-12-09,Southwest,75,1,76
2020-12-10,Southwest,46,1,47
2020-12-11,Southwest,32,0,32
2020-12-12,Southwest,24,0,24
2020-12-13,Southwest,12,1,13
2020-12-14,Southwest,41,4,45
2020-12-15,Southwest,54,1,55
2020-12-16,Southwest,35,2,37
2020-12-17,Southwest,28,0,28
2020-12-18,Southwest,33,0,33
2020-12-19,Southwest,3,0,3
2020-12-20,Southwest,12,0,12
2020-12-21,Southwest,55,1,56
2020-12-22,Southwest,29,3,32
2020-12-23,Southwest,23,2,25
2020-12-24,Southwest,4,1,5
2020-12-25,Southwest,5,0,5
2020-12-26,Southwest,7,0,7
2020-12-27,Southwest,7,0,7
2020-12-28,Southwest,44,2,46
2020-12-29,Southwest,70,6,76
2020-12-30,Southwest,32,2,34
2020-12-31,Southwest,25,5,30
2021-01-01,Southwest,2,0,2
2021-01-02,Southwest,3,0,3
2021-01-03,Southwest,8,0,8
2021-01-04,Southwest,52,0,52
2021-01-05,Southwest,95,0,95
2021-01-06,Southwest,36,1,37
2021-01-07,Southwest,47,1,48
2021-01-08,Southwest,58,1,59
2021-01-09,Southwest,5,0,5
2021-01-10,Southwest,13,1,14
2021-01-11,Southwest,61,0,61
2021-01-12,Southwest,48,2,50
2021-01-13,Southwest,60,0,60
2021-01-14,Southwest,85,0,85
2021-01-15,Southwest,55,0,55
2021-01-16,Southwest,17,2,19
2021-01-17,Southwest,7,8,15
2021-01-18,Southwest,8,15,23
2021-01-19,Southwest,78,4,82
2021-01-20,Southwest,47,8,55
2021-01-21,Southwest,46,2,48
2021-01-22,Southwest,54,3,57
2021-01-23,Southwest,9,6,15
2021-01-24,Southwest,6,47,53
2021-01-25,Southwest,58,41,99
2021-01-26,Southwest,49,56,105
2021-01-27,Southwest,42,65,107
2021-01-28,Southwest,46,8,54
2021-01-29,Southwest,32,14,46
2021-01-30,Southwest,21,13,34
2021-01-31,Southwest,1,9,10
2021-02-01,Southwest,23,8,31
2021-02-02,Southwest,34,6,40
2021-02-03,Southwest,25,19,44
2021-02-04,Southwest,29,5,34
2021-02-05,Southwest,32,11,43
2021-02-06,Southwest,3,2,5
2021-02-07,Southwest,7,0,7
2021-02-08,Southwest,17,8,25
2021-02-09,Southwest,20,3,23
2021-02-10,Southwest,9,13,22
2021-02-11,Southwest,23,29,52
2021-02-12,Southwest,19,14,33
2021-02-13,Southwest,7,12,19
2021-02-14,Southwest,3,22,25
2021-02-15,Southwest,0,1,1
2021-02-16,Southwest,13,1,14
2021-02-17,Southwest,11,10,21
2021-02-18,Southwest,17,3,20
2021-02-19,Southwest,4,9,13
2021-02-20,Southwest,1,8,9
2021-02-21,Southwest,1,3,4
2021-02-22,Southwest,10,1,11
2021-02-23,Southwest,1,0,1
2021-02-24,Southwest,0,0,0
2020-03-03,Unknown,0,0,0
2020-03-04,Unknown,0,0,0
2020-03-05,Unknown,0,0,0
2020-03-06,Unknown,0,0,0
2020-03-07,Unknown,0,0,0
2020-03-08,Unknown,0,0,0
2020-03-10,Unknown,0,0,0
2020-03-11,Unknown,0,0,0
2020-03-12,Unknown,0,0,0
2020-03-13,Unknown,0,0,0
2020-03-14,Unknown,0,0,0
2020-03-15,Unknown,0,0,0
2020-03-16,Unknown,0,0,0
2020-03-17,Unknown,0,0,0
2020-03-18,Unknown,0,0,0
2020-03-19,Unknown,0,0,0
2020-03-20,Unknown,0,0,0
2020-03-21,Unknown,0,0,0
2020-03-22,Unknown,0,0,0
2020-03-23,Unknown,0,0,0
2020-03-24,Unknown,0,0,0
2020-03-25,Unknown,0,0,0
2020-03-26,Unknown,0,0,0
2020-03-27,Unknown,0,0,0
2020-03-28,Unknown,0,0,0
2020-03-29,Unknown,0,0,0
2020-03-30,Unknown,0,0,0
2020-03-31,Unknown,0,0,0
2020-04-01,Unknown,0,0,0
2020-04-02,Unknown,0,0,0
2020-04-03,Unknown,0,0,0
2020-04-04,Unknown,0,0,0
2020-04-05,Unknown,0,0,0
2020-04-06,Unknown,0,0,0
2020-04-07,Unknown,0,0,0
2020-04-08,Unknown,0,0,0
2020-04-09,Unknown,0,0,0
2020-04-10,Unknown,0,0,0
2020-04-11,Unknown,0,0,0
2020-04-12,Unknown,0,0,0
2020-04-13,Unknown,0,0,0
2020-04-14,Unknown,0,0,0
2020-04-15,Unknown,0,0,0
2020-04-16,Unknown,0,0,0
2020-04-17,Unknown,0,0,0
2020-04-18,Unknown,0,0,0
2020-04-19,Unknown,0,0,0
2020-04-20,Unknown,0,0,0
2020-04-21,Unknown,0,0,0
2020-04-23,Unknown,0,0,0
2020-04-24,Unknown,0,0,0
2020-04-25,Unknown,0,0,0
2020-04-26,Unknown,0,0,0
2020-04-27,Unknown,0,0,0
2020-04-28,Unknown,0,0,0
2020-04-29,Unknown,0,0,0
2020-04-30,Unknown,0,0,0
2020-05-01,Unknown,0,0,0
2020-05-02,Unknown,0,0,0
2020-05-03,Unknown,0,0,0
2020-05-04,Unknown,0,0,0
2020-05-06,Unknown,0,0,0
2020-05-07,Unknown,0,0,0
2020-05-09,Unknown,0,0,0
2020-05-10,Unknown,0,0,0
2020-05-11,Unknown,0,0,0
2020-05-12,Unknown,0,0,0
2020-05-13,Unknown,0,0,0
2020-05-14,Unknown,0,0,0
2020-05-15,Unknown,0,0,0
2020-05-16,Unknown,0,0,0
2020-05-17,Unknown,0,0,0
2020-05-18,Unknown,0,0,0
2020-05-19,Unknown,0,0,0
2020-05-20,Unknown,0,0,0
2020-05-21,Unknown,0,0,0
2020-05-22,Unknown,0,0,0
2020-05-23,Unknown,0,0,0
2020-05-24,Unknown,0,0,0
2020-05-25,Unknown,0,0,0
2020-05-26,Unknown,0,0,0
2020-05-27,Unknown,0,0,0
2020-05-28,Unknown,0,0,0
2020-05-29,Unknown,0,0,0
2020-05-30,Unknown,0,0,0
2020-05-31,Unknown,0,0,0
2020-06-01,Unknown,0,0,0
2020-06-02,Unknown,0,0,0
2020-06-03,Unknown,0,0,0
2020-06-04,Unknown,0,0,0
2020-06-05,Unknown,0,0,0
2020-06-06,Unknown,0,0,0
2020-06-07,Unknown,0,0,0
2020-06-08,Unknown,0,0,0
2020-06-09,Unknown,0,0,0
2020-06-10,Unknown,0,0,0
2020-06-11,Unknown,0,0,0
2020-06-12,Unknown,0,0,0
2020-06-13,Unknown,0,0,0
2020-06-14,Unknown,0,0,0
2020-06-15,Unknown,0,0,0
2020-06-16,Unknown,0,0,0
2020-06-17,Unknown,0,0,0
2020-06-18,Unknown,0,0,0
2020-06-19,Unknown,0,0,0
2020-06-20,Unknown,0,0,0
2020-06-21,Unknown,0,0,0
2020-06-22,Unknown,0,0,0
2020-06-23,Unknown,0,0,0
2020-06-24,Unknown,0,0,0
2020-06-25,Unknown,0,0,0
2020-06-26,Unknown,0,0,0
2020-06-27,Unknown,0,0,0
2020-06-28,Unknown,0,0,0
2020-06-29,Unknown,0,0,0
2020-06-30,Unknown,0,1,1
2020-07-01,Unknown,0,0,0
2020-07-02,Unknown,0,0,0
2020-07-03,Unknown,0,0,0
2020-07-04,Unknown,0,0,0
2020-07-05,Unknown,0,0,0
2020-07-06,Unknown,0,0,0
2020-07-07,Unknown,0,0,0
2020-07-08,Unknown,0,0,0
2020-07-09,Unknown,0,0,0
2020-07-10,Unknown,0,0,0
2020-07-11,Unknown,0,0,0
2020-07-12,Unknown,0,0,0
2020-07-13,Unknown,0,0,0
2020-07-14,Unknown,0,0,0
2020-07-15,Unknown,0,0,0
2020-07-16,Unknown,0,1,1
2020-07-17,Unknown,0,0,0
2020-07-18,Unknown,0,0,0
2020-07-19,Unknown,0,0,0
2020-07-20,Unknown,0,3,3
2020-07-21,Unknown,0,0,0
2020-07-22,Unknown,0,4,4
2020-07-23,Unknown,0,0,0
2020-07-24,Unknown,0,3,3
2020-07-25,Unknown,0,2,2
2020-07-26,Unknown,0,0,0
2020-07-27,Unknown,0,3,3
2020-07-28,Unknown,0,2,2
2020-07-29,Unknown,0,2,2
2020-07-30,Unknown,0,0,0
2020-07-31,Unknown,0,1,1
2020-08-01,Unknown,0,0,0
2020-08-02,Unknown,0,0,0
2020-08-03,Unknown,0,0,0
2020-08-04,Unknown,0,1,1
2020-08-05,Unknown,0,1,1
2020-08-06,Unknown,0,1,1
2020-08-07,Unknown,0,0,0
2020-08-08,Unknown,0,1,1
2020-08-09,Unknown,0,0,0
2020-08-10,Unknown,0,1,1
2020-08-11,Unknown,0,0,0
2020-08-12,Unknown,0,1,1
2020-08-13,Unknown,0,0,0
2020-08-14,Unknown,0,0,0
2020-08-15,Unknown,0,0,0
2020-08-16,Unknown,0,0,0
2020-08-17,Unknown,0,0,0
2020-08-18,Unknown,0,0,0
2020-08-19,Unknown,0,0,0
2020-08-20,Unknown,0,0,0
2020-08-21,Unknown,0,0,0
2020-08-22,Unknown,0,0,0
2020-08-23,Unknown,0,0,0
2020-08-24,Unknown,0,0,0
2020-08-25,Unknown,0,0,0
2020-08-26,Unknown,0,0,0
2020-08-27,Unknown,0,0,0
2020-08-28,Unknown,0,0,0
2020-08-29,Unknown,0,0,0
2020-08-30,Unknown,0,0,0
2020-08-31,Unknown,0,0,0
2020-09-01,Unknown,0,0,0
2020-09-02,Unknown,0,0,0
2020-09-03,Unknown,0,0,0
2020-09-04,Unknown,0,0,0
2020-09-05,Unknown,0,0,0
2020-09-06,Unknown,0,0,0
2020-09-07,Unknown,0,1,1
2020-09-08,Unknown,0,0,0
2020-09-09,Unknown,0,0,0
2020-09-10,Unknown,0,0,0
2020-09-11,Unknown,0,0,0
2020-09-12,Unknown,0,0,0
2020-09-13,Unknown,0,0,0
2020-09-14,Unknown,0,0,0
2020-09-15,Unknown,0,0,0
2020-09-16,Unknown,0,0,0
2020-09-17,Unknown,0,1,1
2020-09-18,Unknown,0,0,0
2020-09-19,Unknown,0,0,0
2020-09-20,Unknown,0,0,0
2020-09-21,Unknown,0,0,0
2020-09-22,Unknown,0,0,0
2020-09-23,Unknown,1,0,1
2020-09-24,Unknown,0,0,0
2020-09-25,Unknown,0,0,0
2020-09-26,Unknown,0,0,0
2020-09-27,Unknown,0,0,0
2020-09-28,Unknown,0,0,0
2020-09-29,Unknown,0,1,1
2020-09-30,Unknown,0,1,1
2020-10-01,Unknown,0,1,1
2020-10-02,Unknown,0,0,0
2020-10-03,Unknown,0,1,1
2020-10-04,Unknown,0,0,0
2020-10-05,Unknown,0,0,0
2020-10-06,Unknown,0,2,2
2020-10-07,Unknown,0,1,1
2020-10-08,Unknown,0,1,1
2020-10-09,Unknown,0,1,1
2020-10-10,Unknown,0,1,1
2020-10-11,Unknown,0,0,0
2020-10-12,Unknown,0,1,1
2020-10-13,Unknown,0,0,0
2020-10-14,Unknown,1,0,1
2020-10-15,Unknown,0,1,1
2020-10-16,Unknown,0,1,1
2020-10-17,Unknown,0,2,2
2020-10-18,Unknown,0,0,0
2020-10-19,Unknown,0,1,1
2020-10-20,Unknown,0,0,0
2020-10-21,Unknown,0,0,0
2020-10-22,Unknown,0,1,1
2020-10-23,Unknown,0,0,0
2020-10-24,Unknown,0,1,1
2020-10-25,Unknown,0,0,0
2020-10-26,Unknown,0,1,1
2020-10-27,Unknown,0,1,1
2020-10-28,Unknown,0,0,0
2020-10-29,Unknown,0,0,0
2020-10-30,Unknown,0,3,3
2020-10-31,Unknown,0,1,1
2020-11-01,Unknown,1,1,2
2020-11-02,Unknown,0,2,2
2020-11-03,Unknown,0,1,1
2020-11-04,Unknown,0,1,1
2020-11-05,Unknown,0,2,2
2020-11-06,Unknown,1,0,1
2020-11-07,Unknown,0,5,5
2020-11-08,Unknown,0,2,2
2020-11-09,Unknown,0,1,1
2020-11-10,Unknown,0,4,4
2020-11-11,Unknown,0,2,2
2020-11-12,Unknown,1,0,1
2020-11-13,Unknown,1,2,3
2020-11-14,Unknown,0,0,0
2020-11-15,Unknown,0,0,0
2020-11-16,Unknown,1,4,5
2020-11-17,Unknown,0,2,2
2020-11-18,Unknown,0,3,3
2020-11-19,Unknown,0,2,2
2020-11-20,Unknown,0,1,1
2020-11-21,Unknown,0,1,1
2020-11-22,Unknown,0,3,3
2020-11-23,Unknown,0,7,7
2020-11-24,Unknown,0,4,4
2020-11-25,Unknown,0,0,0
2020-11-26,Unknown,0,0,0
2020-11-27,Unknown,0,1,1
2020-11-28,Unknown,0,1,1
2020-11-29,Unknown,0,1,1
2020-11-30,Unknown,0,1,1
2020-12-01,Unknown,0,2,2
2020-12-02,Unknown,0,6,6
2020-12-03,Unknown,0,4,4
2020-12-04,Unknown,0,5,5
2020-12-05,Unknown,0,1,1
2020-12-06,Unknown,0,2,2
2020-12-07,Unknown,0,7,7
2020-12-08,Unknown,0,1,1
2020-12-09,Unknown,0,1,1
2020-12-10,Unknown,0,6,6
2020-12-11,Unknown,0,1,1
2020-12-12,Unknown,1,0,1
2020-12-13,Unknown,0,1,1
2020-12-14,Unknown,0,2,2
2020-12-15,Unknown,0,0,0
2020-12-16,Unknown,0,4,4
2020-12-17,Unknown,0,1,1
2020-12-18,Unknown,0,2,2
2020-12-19,Unknown,0,0,0
2020-12-20,Unknown,0,0,0
2020-12-21,Unknown,0,0,0
2020-12-22,Unknown,0,0,0
2020-12-23,Unknown,0,0,0
2020-12-24,Unknown,0,3,3
2020-12-25,Unknown,0,0,0
2020-12-26,Unknown,0,0,0
2020-12-27,Unknown,0,4,4
2020-12-28,Unknown,0,1,1
2020-12-29,Unknown,0,1,1
2020-12-30,Unknown,0,2,2
2020-12-31,Unknown,0,3,3
2021-01-01,Unknown,0,3,3
2021-01-02,Unknown,0,2,2
2021-01-03,Unknown,0,2,2
2021-01-04,Unknown,0,5,5
2021-01-05,Unknown,0,2,2
2021-01-06,Unknown,0,3,3
2021-01-07,Unknown,0,5,5
2021-01-08,Unknown,0,1,1
2021-01-09,Unknown,0,0,0
2021-01-10,Unknown,0,2,2
2021-01-11,Unknown,0,3,3
2021-01-12,Unknown,0,2,2
2021-01-13,Unknown,0,4,4
2021-01-14,Unknown,0,0,0
2021-01-15,Unknown,0,3,3
2021-01-16,Unknown,0,5,5
2021-01-17,Unknown,0,0,0
2021-01-18,Unknown,0,0,0
2021-01-19,Unknown,0,0,0
2021-01-20,Unknown,0,1,1
2021-01-21,Unknown,0,1,1
2021-01-22,Unknown,0,1,1
2021-01-23,Unknown,0,1,1
2021-01-24,Unknown,0,2,2
2021-01-25,Unknown,0,0,0
2021-01-26,Unknown,0,1,1
2021-01-27,Unknown,0,5,5
2021-01-28,Unknown,0,0,0
2021-01-29,Unknown,0,6,6
2021-01-30,Unknown,0,0,0
2021-01-31,Unknown,0,1,1
2021-02-01,Unknown,0,6,6
2021-02-02,Unknown,0,0,0
2021-02-03,Unknown,0,2,2
2021-02-04,Unknown,0,0,0
2021-02-05,Unknown,1,0,1
2021-02-06,Unknown,0,0,0
2021-02-07,Unknown,0,3,3
2021-02-08,Unknown,0,0,0
2021-02-09,Unknown,0,1,1
2021-02-10,Unknown,0,3,3
2021-02-11,Unknown,0,0,0
2021-02-12,Unknown,0,0,0
2021-02-13,Unknown,0,0,0
2021-02-14,Unknown,0,0,0
2021-02-15,Unknown,0,0,0
2021-02-16,Unknown,0,1,1
2021-02-17,Unknown,0,1,1
2021-02-18,Unknown,0,0,0
2021-02-19,Unknown,0,1,1
2021-02-20,Unknown,0,0,0
2021-02-21,Unknown,0,0,0
2021-02-22,Unknown,0,1,1
2021-02-23,Unknown,0,1,1
2021-02-24,Unknown,0,0,0
2020-03-03,Statewide,3,0,3
2020-03-04,Statewide,1,0,1
2020-03-05,Statewide,1,0,1
2020-03-06,Statewide,1,0,1
2020-03-07,Statewide,1,0,1
2020-03-08,Statewide,1,0,1
2020-03-10,Statewide,7,0,7
2020-03-11,Statewide,1,1,2
2020-03-12,Statewide,4,0,4
2020-03-13,Statewide,3,0,3
2020-03-14,Statewide,8,1,9
2020-03-15,Statewide,10,0,10
2020-03-16,Statewide,13,0,13
2020-03-17,Statewide,16,0,16
2020-03-18,Statewide,16,0,16
2020-03-19,Statewide,15,0,15
2020-03-20,Statewide,13,0,13
2020-03-21,Statewide,13,1,14
2020-03-22,Statewide,9,0,9
2020-03-23,Statewide,17,0,17
2020-03-24,Statewide,12,0,12
2020-03-25,Statewide,11,0,11
2020-03-26,Statewide,12,0,12
2020-03-27,Statewide,13,0,13
2020-03-28,Statewide,6,0,6
2020-03-29,Statewide,8,0,8
2020-03-30,Statewide,13,0,13
2020-03-31,Statewide,10,0,10
2020-04-01,Statewide,11,0,11
2020-04-02,Statewide,9,0,9
2020-04-03,Statewide,6,1,7
2020-04-04,Statewide,10,0,10
2020-04-05,Statewide,6,0,6
2020-04-06,Statewide,8,0,8
2020-04-07,Statewide,10,0,10
2020-04-08,Statewide,5,1,6
2020-04-09,Statewide,5,0,5
2020-04-10,Statewide,5,0,5
2020-04-11,Statewide,5,1,6
2020-04-12,Statewide,4,0,4
2020-04-13,Statewide,3,0,3
2020-04-14,Statewide,7,0,7
2020-04-15,Statewide,4,0,4
2020-04-16,Statewide,3,0,3
2020-04-17,Statewide,4,0,4
2020-04-18,Statewide,6,0,6
2020-04-19,Statewide,4,0,4
2020-04-20,Statewide,1,0,1
2020-04-21,Statewide,3,0,3
2020-04-23,Statewide,2,0,2
2020-04-24,Statewide,2,0,2
2020-04-25,Statewide,2,0,2
2020-04-26,Statewide,2,0,2
2020-04-27,Statewide,2,0,2
2020-04-28,Statewide,3,0,3
2020-04-29,Statewide,1,0,1
2020-04-30,Statewide,3,0,3
2020-05-01,Statewide,3,1,4
2020-05-02,Statewide,1,0,1
2020-05-03,Statewide,2,0,2
2020-05-04,Statewide,2,0,2
2020-05-06,Statewide,2,0,2
2020-05-07,Statewide,1,2,3
2020-05-09,Statewide,1,0,1
2020-05-10,Statewide,3,0,3
2020-05-11,Statewide,3,1,4
2020-05-12,Statewide,2,0,2
2020-05-13,Statewide,3,1,4
2020-05-14,Statewide,3,1,4
2020-05-15,Statewide,2,0,2
2020-05-16,Statewide,4,0,4
2020-05-17,Statewide,2,0,2
2020-05-18,Statewide,1,0,1
2020-05-19,Statewide,3,1,4
2020-05-20,Statewide,4,1,5
2020-05-21,Statewide,2,2,4
2020-05-22,Statewide,5,2,7
2020-05-23,Statewide,4,0,4
2020-05-24,Statewide,6,0,6
2020-05-25,Statewide,6,0,6
2020-05-26,Statewide,7,1,8
2020-05-27,Statewide,13,2,15
2020-05-28,Statewide,9,2,11
2020-05-29,Statewide,23,3,26
2020-05-30,Statewide,12,0,12
2020-05-31,Statewide,16,0,16
2020-06-01,Statewide,21,11,32
2020-06-02,Statewide,12,4,16
2020-06-03,Statewide,12,8,20
2020-06-04,Statewide,18,6,24
2020-06-05,Statewide,23,2,25
2020-06-06,Statewide,10,2,12
2020-06-07,Statewide,12,5,17
2020-06-08,Statewide,16,1,17
2020-06-09,Statewide,17,10,27
2020-06-10,Statewide,18,4,22
2020-06-11,Statewide,12,3,15
2020-06-12,Statewide,15,4,19
2020-06-13,Statewide,14,0,14
2020-06-14,Statewide,9,6,15
2020-06-15,Statewide,14,6,20
2020-06-16,Statewide,18,9,27
2020-06-17,Statewide,14,11,25
2020-06-18,Statewide,15,5,20
2020-06-19,Statewide,14,4,18
2020-06-20,Statewide,10,2,12
2020-06-21,Statewide,12,9,21
2020-06-22,Statewide,35,24,59
2020-06-23,Statewide,28,8,36
2020-06-24,Statewide,28,14,42
2020-06-25,Statewide,31,5,36
2020-06-26,Statewide,35,13,48
2020-06-27,Statewide,35,6,41
2020-06-28,Statewide,35,7,42
2020-06-29,Statewide,43,16,59
2020-06-30,Statewide,37,4,41
2020-07-01,Statewide,44,10,54
2020-07-02,Statewide,49,13,62
2020-07-03,Statewide,42,5,47
2020-07-04,Statewide,34,5,39
2020-07-05,Statewide,43,9,52
2020-07-06,Statewide,52,9,61
2020-07-07,Statewide,61,18,79
2020-07-08,Statewide,95,11,106
2020-07-09,Statewide,77,15,92
2020-07-10,Statewide,80,13,93
2020-07-11,Statewide,37,5,42
2020-07-12,Statewide,42,12,54
2020-07-13,Statewide,66,15,81
2020-07-14,Statewide,80,7,87
2020-07-15,Statewide,60,31,91
2020-07-16,Statewide,84,17,101
2020-07-17,Statewide,82,49,131
2020-07-18,Statewide,50,5,55
2020-07-19,Statewide,64,29,93
2020-07-20,Statewide,110,86,196
2020-07-21,Statewide,106,13,119
2020-07-22,Statewide,87,26,113
2020-07-23,Statewide,85,43,128
2020-07-24,Statewide,70,13,83
2020-07-25,Statewide,175,8,183
2020-07-26,Statewide,82,13,95
2020-07-27,Statewide,111,15,126
2020-07-28,Statewide,92,12,104
2020-07-29,Statewide,92,12,104
2020-07-30,Statewide,66,11,77
2020-07-31,Statewide,71,6,77
2020-08-01,Statewide,45,14,59
2020-08-02,Statewide,39,13,52
2020-08-03,Statewide,81,14,95
2020-08-04,Statewide,76,6,82
2020-08-05,Statewide,72,5,77
2020-08-06,Statewide,57,4,61
2020-08-07,Statewide,58,3,61
2020-08-08,Statewide,69,4,73
2020-08-09,Statewide,42,1,43
2020-08-10,Statewide,88,13,101
2020-08-11,Statewide,97,4,101
2020-08-12,Statewide,78,5,83
2020-08-13,Statewide,75,5,80
2020-08-14,Statewide,110,0,110
2020-08-15,Statewide,53,1,54
2020-08-16,Statewide,40,0,40
2020-08-17,Statewide,66,1,67
2020-08-18,Statewide,74,5,79
2020-08-19,Statewide,97,1,98
2020-08-20,Statewide,80,3,83
2020-08-21,Statewide,90,0,90
2020-08-22,Statewide,50,1,51
2020-08-23,Statewide,49,2,51
2020-08-24,Statewide,50,4,54
2020-08-25,Statewide,71,5,76
2020-08-26,Statewide,96,1,97
2020-08-27,Statewide,73,5,78
2020-08-28,Statewide,73,5,78
2020-08-29,Statewide,37,0,37
2020-08-30,Statewide,30,1,31
2020-08-31,Statewide,85,3,88
2020-09-01,Statewide,134,4,138
2020-09-02,Statewide,86,7,93
2020-09-03,Statewide,86,4,90
2020-09-04,Statewide,60,1,61
2020-09-05,Statewide,35,0,35
2020-09-06,Statewide,33,1,34
2020-09-07,Statewide,48,3,51
2020-09-08,Statewide,92,3,95
2020-09-09,Statewide,107,1,108
2020-09-10,Statewide,127,3,130
2020-09-11,Statewide,69,2,71
2020-09-12,Statewide,49,2,51
2020-09-13,Statewide,30,1,31
2020-09-14,Statewide,99,3,102
2020-09-15,Statewide,82,0,82
2020-09-16,Statewide,109,1,110
2020-09-17,Statewide,103,4,107
2020-09-18,Statewide,115,2,117
2020-09-19,Statewide,57,2,59
2020-09-20,Statewide,79,0,79
2020-09-21,Statewide,145,3,148
2020-09-22,Statewide,128,8,136
2020-09-23,Statewide,125,6,131
2020-09-24,Statewide,129,2,131
2020-09-25,Statewide,185,12,197
2020-09-26,Statewide,84,3,87
2020-09-27,Statewide,88,3,91
2020-09-28,Statewide,196,1,197
2020-09-29,Statewide,191,3,194
2020-09-30,Statewide,176,3,179
2020-10-01,Statewide,186,5,191
2020-10-02,Statewide,196,6,202
2020-10-03,Statewide,79,2,81
2020-10-04,Statewide,98,3,101
2020-10-05,Statewide,220,3,223
2020-10-06,Statewide,258,5,263
2020-10-07,Statewide,192,9,201
2020-10-08,Statewide,216,7,223
2020-10-09,Statewide,218,2,220
2020-10-10,Statewide,138,3,141
2020-10-11,Statewide,101,3,104
2020-10-12,Statewide,255,2,257
2020-10-13,Statewide,329,4,333
2020-10-14,Statewide,351,3,354
2020-10-15,Statewide,356,6,362
2020-10-16,Statewide,337,2,339
2020-10-17,Statewide,198,3,201
2020-10-18,Statewide,126,0,126
2020-10-19,Statewide,398,3,401
2020-10-20,Statewide,354,4,358
2020-10-21,Statewide,351,3,354
2020-10-22,Statewide,379,3,382
2020-10-23,Statewide,408,4,412
2020-10-24,Statewide,233,8,241
2020-10-25,Statewide,222,1,223
2020-10-26,Statewide,605,5,610
2020-10-27,Statewide,493,4,497
2020-10-28,Statewide,646,6,652
2020-10-29,Statewide,494,5,499
2020-10-30,Statewide,517,7,524
2020-10-31,Statewide,256,3,259
2020-11-01,Statewide,234,5,239
2020-11-02,Statewide,728,4,732
2020-11-03,Statewide,555,6,561
2020-11-04,Statewide,583,4,587
2020-11-05,Statewide,595,4,599
2020-11-06,Statewide,713,6,719
2020-11-07,Statewide,579,8,587
2020-11-08,Statewide,281,6,287
2020-11-09,Statewide,983,11,994
2020-11-10,Statewide,618,7,625
2020-11-11,Statewide,559,5,564
2020-11-12,Statewide,842,8,850
2020-11-13,Statewide,828,7,835
2020-11-14,Statewide,376,3,379
2020-11-15,Statewide,469,3,472
2020-11-16,Statewide,1354,10,1364
2020-11-17,Statewide,781,6,787
2020-11-18,Statewide,744,9,753
2020-11-19,Statewide,660,7,667
2020-11-20,Statewide,627,4,631
2020-11-21,Statewide,365,8,373
2020-11-22,Statewide,281,16,297
2020-11-23,Statewide,867,12,879
2020-11-24,Statewide,599,12,611
2020-11-25,Statewide,846,7,853
2020-11-26,Statewide,113,1,114
2020-11-27,Statewide,439,10,449
2020-11-28,Statewide,415,7,422
2020-11-29,Statewide,304,3,307
2020-11-30,Statewide,709,5,714
2020-12-01,Statewide,713,10,723
2020-12-02,Statewide,615,12,627
2020-12-03,Statewide,522,8,530
2020-12-04,Statewide,539,31,570
2020-12-05,Statewide,350,3,353
2020-12-06,Statewide,239,10,249
2020-12-07,Statewide,557,11,568
2020-12-08,Statewide,556,6,562
2020-12-09,Statewide,525,11,536
2020-12-10,Statewide,447,9,456
2020-12-11,Statewide,504,3,507
2020-12-12,Statewide,275,12,287
2020-12-13,Statewide,174,2,176
2020-12-14,Statewide,478,7,485
2020-12-15,Statewide,391,3,394
2020-12-16,Statewide,365,9,374
2020-12-17,Statewide,342,5,347
2020-12-18,Statewide,392,4,396
2020-12-19,Statewide,197,0,197
2020-12-20,Statewide,119,6,125
2020-12-21,Statewide,344,13,357
2020-12-22,Statewide,300,7,307
2020-12-23,Statewide,267,8,275
2020-12-24,Statewide,93,5,98
2020-12-25,Statewide,58,1,59
2020-12-26,Statewide,215,5,220
2020-12-27,Statewide,195,4,199
2020-12-28,Statewide,447,15,462
2020-12-29,Statewide,334,12,346
2020-12-30,Statewide,354,6,360
2020-12-31,Statewide,245,9,254
2021-01-01,Statewide,108,4,112
2021-01-02,Statewide,237,7,244
2021-01-03,Statewide,184,4,188
2021-01-04,Statewide,446,12,458
2021-01-05,Statewide,451,5,456
2021-01-06,Statewide,299,5,304
2021-01-07,Statewide,293,11,304
2021-01-08,Statewide,291,5,296
2021-01-09,Statewide,136,1,137
2021-01-10,Statewide,163,5,168
2021-01-11,Statewide,297,8,305
2021-01-12,Statewide,246,5,251
2021-01-13,Statewide,279,10,289
2021-01-14,Statewide,248,6,254
2021-01-15,Statewide,215,8,223
2021-01-16,Statewide,117,8,125
2021-01-17,Statewide,109,11,120
2021-01-18,Statewide,132,19,151
2021-01-19,Statewide,242,7,249
2021-01-20,Statewide,187,12,199
2021-01-21,Statewide,164,4,168
2021-01-22,Statewide,204,4,208
2021-01-23,Statewide,84,9,93
2021-01-24,Statewide,68,49,117
2021-01-25,Statewide,205,47,252
2021-01-26,Statewide,170,58,228
2021-01-27,Statewide,144,72,216
2021-01-28,Statewide,146,23,169
2021-01-29,Statewide,143,26,169
2021-01-30,Statewide,96,16,112
2021-01-31,Statewide,58,13,71
2021-02-01,Statewide,182,19,201
2021-02-02,Statewide,169,8,177
2021-02-03,Statewide,143,24,167
2021-02-04,Statewide,130,8,138
2021-02-05,Statewide,124,14,138
2021-02-06,Statewide,78,2,80
2021-02-07,Statewide,78,6,84
2021-02-08,Statewide,178,11,189
2021-02-09,Statewide,135,5,140
2021-02-10,Statewide,135,18,153
2021-02-11,Statewide,113,33,146
2021-02-12,Statewide,134,15,149
2021-02-13,Statewide,80,13,93
2021-02-14,Statewide,54,22,76
2021-02-15,Statewide,139,2,141
2021-02-16,Statewide,132,4,136
2021-02-17,Statewide,149,13,162
2021-02-18,Statewide,107,4,111
2021-02-19,Statewide,116,13,129
2021-02-20,Statewide,60,11,71
2021-02-21,Statewide,40,3,43
2021-02-22,Statewide,159,3,162
2021-02-23,Statewide,99,4,103
2021-02-24,Statewide,12,0,12
2020-05-08,Anchorage,0,1,1
2020-05-08,Gulf Coast,0,0,0
2020-05-08,Interior,0,0,0
2020-05-08,MatSu,0,0,0
2020-05-08,Northern,0,0,0
2020-05-08,Southeast,0,0,0
2020-05-08,Southwest,0,0,0
2020-05-08,Unknown,0,0,0
2020-05-08,Statewide,0,1,1
